timestamp;event;payload
156761209;3;1-1
156761209;4;1-1
156761409;3;1-2
156761409;4;1-2
156761609;3;1-3
156761610;4;1-3
156761810;3;1-4
156761810;4;1-4
156762010;3;1-5
156762010;4;1-5
156762210;3;1-6
156762210;4;1-6
156762410;3;1-7
156762410;4;1-7
156762610;3;1-8
156762610;4;1-8
156762810;3;1-9
156762810;4;1-9
156763010;3;1-10
156763011;4;1-10
156763211;3;1-11
156763211;4;1-11
156763411;3;1-12
156763411;4;1-12
156763611;3;1-13
156763611;4;1-13
156763811;3;1-14
156763811;4;1-14
156764011;3;1-15
156764011;4;1-15
156764211;3;1-16
156764211;4;1-16
156764411;3;1-17
156764411;4;1-17
156764611;3;1-18
156764612;4;1-18
156764812;3;1-19
156764812;4;1-19
156765012;3;1-20
156765012;4;1-20
156765212;3;1-21
156765212;4;1-21
156765412;3;1-22
156765412;4;1-22
156765612;3;1-23
156765612;4;1-23
156765812;3;1-24
156765812;4;1-24
156766012;3;1-25
156766013;4;1-25
156766213;3;1-26
156766213;4;1-26
156766413;3;1-27
156766413;4;1-27
156766613;3;1-28
156766613;4;1-28
156766813;3;1-29
156766813;4;1-29
156767013;3;1-30
156767013;4;1-30
156767213;3;1-31
156767213;4;1-31
156767413;3;1-32
156767413;4;1-32
156767614;3;1-33
156767614;4;1-33
156767814;3;1-34
156767814;4;1-34
156768014;3;1-35
156768014;4;1-35
156768214;3;1-36
156768214;4;1-36
156768414;3;1-37
156768414;4;1-37
156768614;3;1-38
156768614;4;1-38
156768814;3;1-39
156768814;4;1-39
156769014;3;1-40
156769015;4;1-40
156769215;3;1-41
156769215;4;1-41
156769415;3;1-42
156769415;4;1-42
156769615;3;1-43
156769615;4;1-43
156769815;3;1-44
156769815;4;1-44
156770015;3;1-45
156770015;4;1-45
156770215;3;1-46
156770215;4;1-46
156770415;3;1-47
156770416;4;1-47
156770616;3;1-48
156770616;4;1-48
156770816;3;1-49
156770816;4;1-49
156771016;3;1-50
156771016;4;1-50
156771216;3;1-51
156771216;4;1-51
156771416;3;1-52
156771416;4;1-52
156771616;3;1-53
156771616;4;1-53
156771816;3;1-54
156771816;4;1-54
156772016;3;1-55
156772017;4;1-55
156772217;3;1-56
156772217;4;1-56
156772417;3;1-57
156772417;4;1-57
156772617;3;1-58
156772617;4;1-58
156772817;3;1-59
156772817;4;1-59
156773017;3;1-60
156773017;4;1-60
156773217;3;1-61
156773217;4;1-61
156773417;3;1-62
156773418;4;1-62
156773618;3;1-63
156773618;4;1-63
156773818;3;1-64
156773818;4;1-64
156774018;3;1-65
156774018;4;1-65
156774218;3;1-66
156774218;4;1-66
156774418;3;1-67
156774418;4;1-67
156774618;3;1-68
156774618;4;1-68
156774818;3;1-69
156774818;4;1-69
156775018;3;1-70
156775019;4;1-70
156775219;3;1-71
156775219;4;1-71
156775419;3;1-72
156775419;4;1-72
156775619;3;1-73
156775619;4;1-73
156775819;3;1-74
156775819;4;1-74
156776019;3;1-75
156776019;4;1-75
156776219;3;1-76
156776219;4;1-76
156776419;3;1-77
156776419;4;1-77
156776619;3;1-78
156776620;4;1-78
156776820;3;1-79
156776820;4;1-79
156777020;3;1-80
156777020;4;1-80
156777220;3;1-81
156777220;4;1-81
156777420;3;1-82
156777420;4;1-82
156777620;3;1-83
156777620;4;1-83
156777820;3;1-84
156777820;4;1-84
156778020;3;1-85
156778020;4;1-85
156778220;3;1-86
156778221;4;1-86
156778421;3;1-87
156778421;4;1-87
156778621;3;1-88
156778621;4;1-88
156778821;3;1-89
156778821;4;1-89
156779021;3;1-90
156779021;4;1-90
156779221;3;1-91
156779221;4;1-91
156779421;3;1-92
156779421;4;1-92
156779621;3;1-93
156779621;4;1-93
156779821;3;1-94
156779822;4;1-94
156780022;3;1-95
156780022;4;1-95
156780222;3;1-96
156780222;4;1-96
156780422;3;1-97
156780422;4;1-97
156780622;3;1-98
156780622;4;1-98
156780822;3;1-99
156780822;4;1-99
156781022;3;1-100
156781022;4;1-100
156781222;3;1-101
156781222;4;1-101
156781422;3;1-102
156781422;4;1-102
156781623;3;1-103
156781623;4;1-103
156781823;3;1-104
156781823;4;1-104
156782023;3;1-105
156782023;4;1-105
156782223;3;1-106
156782223;4;1-106
156782423;3;1-107
156782423;4;1-107
156782623;3;1-108
156782623;4;1-108
156782823;3;1-109
156782823;4;1-109
156783023;3;1-110
156783024;4;1-110
156783224;3;1-111
156783224;4;1-111
156783424;3;1-112
156783424;4;1-112
156783624;3;1-113
156783624;4;1-113
156783824;3;1-114
156783824;4;1-114
156784024;3;1-115
156784024;4;1-115
156784224;3;1-116
156784224;4;1-116
156784424;3;1-117
156784424;4;1-117
156784625;3;1-118
156784625;4;1-118
156784825;3;1-119
156784825;4;1-119
156785025;3;1-120
156785025;4;1-120
156785225;3;1-121
156785225;4;1-121
156785425;3;1-122
156785425;4;1-122
156785625;3;1-123
156785625;4;1-123
156785825;3;1-124
156785825;4;1-124
156786025;3;1-125
156786026;4;1-125
156786226;3;1-126
156786226;4;1-126
156786426;3;1-127
156786426;4;1-127
156786626;3;1-128
156786626;4;1-128
156786826;3;1-129
156786826;4;1-129
156787026;3;1-130
156787026;4;1-130
156787226;3;1-131
156787226;4;1-131
156787426;3;1-132
156787426;4;1-132
156787626;3;1-133
156787627;4;1-133
156787827;3;1-134
156787827;4;1-134
156788027;3;1-135
156788027;4;1-135
156788227;3;1-136
156788227;4;1-136
156788427;3;1-137
156788427;4;1-137
156788627;3;1-138
156788627;4;1-138
156788827;3;1-139
156788827;4;1-139
156789027;3;1-140
156789028;4;1-140
156789228;3;1-141
156789228;4;1-141
156789428;3;1-142
156789428;4;1-142
156789628;3;1-143
156789628;4;1-143
156789828;3;1-144
156789828;4;1-144
156790028;3;1-145
156790028;4;1-145
156790228;3;1-146
156790228;4;1-146
156790428;3;1-147
156790428;4;1-147
156790628;3;1-148
156790629;4;1-148
156790829;3;1-149
156790829;4;1-149
156791029;3;1-150
156791029;4;1-150
156791229;3;1-151
156791229;4;1-151
156791429;3;1-152
156791429;4;1-152
156791629;3;1-153
156791629;4;1-153
156791829;3;1-154
156791829;4;1-154
156792029;3;1-155
156792029;4;1-155
156792229;3;1-156
156792230;4;1-156
156792430;3;1-157
156792430;4;1-157
156792630;3;1-158
156792630;4;1-158
156792830;3;1-159
156792830;4;1-159
156793030;3;1-160
156793030;4;1-160
156793230;3;1-161
156793230;4;1-161
156793430;3;1-162
156793430;4;1-162
156793630;3;1-163
156793630;4;1-163
156793830;3;1-164
156793831;4;1-164
156794031;3;1-165
156794031;4;1-165
156794231;3;1-166
156794231;4;1-166
156794431;3;1-167
156794431;4;1-167
156794631;3;1-168
156794631;4;1-168
156794831;3;1-169
156794831;4;1-169
156795031;3;1-170
156795031;4;1-170
156795231;3;1-171
156795232;4;1-171
156795432;3;1-172
156795432;4;1-172
156795632;3;1-173
156795632;4;1-173
156795832;3;1-174
156795832;4;1-174
156796032;3;1-175
156796032;4;1-175
156796232;3;1-176
156796232;4;1-176
156796432;3;1-177
156796432;4;1-177
156796632;3;1-178
156796632;4;1-178
156796833;3;1-179
156796833;4;1-179
156797033;3;1-180
156797033;4;1-180
156797233;3;1-181
156797233;4;1-181
156797433;3;1-182
156797433;4;1-182
156797633;3;1-183
156797633;4;1-183
156797833;3;1-184
156797833;4;1-184
156798033;3;1-185
156798033;4;1-185
156798233;3;1-186
156798234;4;1-186
156798434;3;1-187
156798434;4;1-187
156798634;3;1-188
156798634;4;1-188
156798834;3;1-189
156798834;4;1-189
156799034;3;1-190
156799034;4;1-190
156799234;3;1-191
156799234;4;1-191
156799434;3;1-192
156799434;4;1-192
156799634;3;1-193
156799635;4;1-193
156799834;3;1-194
156799835;4;1-194
156800035;3;1-195
156800035;4;1-195
156800235;3;1-196
156800235;4;1-196
156800435;3;1-197
156800435;4;1-197
156800635;3;1-198
156800635;4;1-198
156800835;3;1-199
156800835;4;1-199
156801035;3;1-200
156801035;4;1-200
156801235;3;1-201
156801236;4;1-201
156801436;3;1-202
156801436;4;1-202
156801636;3;1-203
156801636;4;1-203
156801836;3;1-204
156801836;4;1-204
156802036;3;1-205
156802036;4;1-205
156802236;3;1-206
156802236;4;1-206
156802436;3;1-207
156802436;4;1-207
156802636;3;1-208
156802636;4;1-208
156802836;3;1-209
156802836;4;1-209
156803037;3;1-210
156803037;4;1-210
156803237;3;1-211
156803237;4;1-211
156803437;3;1-212
156803437;4;1-212
156803637;3;1-213
156803637;4;1-213
156803837;3;1-214
156803837;4;1-214
156804037;3;1-215
156804037;4;1-215
156804237;3;1-216
156804237;4;1-216
156804437;3;1-217
156804438;4;1-217
156804638;3;1-218
156804638;4;1-218
156804838;3;1-219
156804838;4;1-219
156805038;3;1-220
156805038;4;1-220
156805238;3;1-221
156805238;4;1-221
156805438;3;1-222
156805438;4;1-222
156805638;3;1-223
156805638;4;1-223
156805838;3;1-224
156805838;4;1-224
156806039;3;1-225
156806039;4;1-225
156806239;3;1-226
156806239;4;1-226
156806439;3;1-227
156806439;4;1-227
156806639;3;1-228
156806639;4;1-228
156806839;3;1-229
156806839;4;1-229
156807039;3;1-230
156807039;4;1-230
156807239;3;1-231
156807239;4;1-231
156807439;3;1-232
156807440;4;1-232
156807640;3;1-233
156807640;4;1-233
156807840;3;1-234
156807840;4;1-234
156808040;3;1-235
156808040;4;1-235
156808240;3;1-236
156808240;4;1-236
156808440;3;1-237
156808440;4;1-237
156808640;3;1-238
156808640;4;1-238
156808840;3;1-239
156808840;4;1-239
156809040;3;1-240
156809041;4;1-240
156809241;3;1-241
156809241;4;1-241
156809441;3;1-242
156809441;4;1-242
156809641;3;1-243
156809641;4;1-243
156809841;3;1-244
156809841;4;1-244
156810041;3;1-245
156810041;4;1-245
156810241;3;1-246
156810241;4;1-246
156810441;3;1-247
156810442;4;1-247
156810642;3;1-248
156810642;4;1-248
156810842;3;1-249
156810842;4;1-249
156811042;3;1-250
156811042;4;1-250
156811242;3;1-251
156811242;4;1-251
156811442;3;1-252
156811442;4;1-252
156811642;3;1-253
156811642;4;1-253
156811842;3;1-254
156811843;4;1-254
156812043;3;1-255
156812043;4;1-255
156812243;3;1-256
156812243;4;1-256
156812443;3;1-257
156812443;4;1-257
156812643;3;1-258
156812643;4;1-258
156812843;3;1-259
156812843;4;1-259
156813043;3;1-260
156813043;4;1-260
156813243;3;1-261
156813243;4;1-261
156813443;3;1-262
156813444;4;1-262
156813644;3;1-263
156813644;4;1-263
156813844;3;1-264
156813844;4;1-264
156814044;3;1-265
156814044;4;1-265
156814244;3;1-266
156814244;4;1-266
156814444;3;1-267
156814444;4;1-267
156814644;3;1-268
156814644;4;1-268
156814844;3;1-269
156814844;4;1-269
156815044;3;1-270
156815045;4;1-270
156815245;3;1-271
156815245;4;1-271
156815445;3;1-272
156815445;4;1-272
156815645;3;1-273
156815645;4;1-273
156815845;3;1-274
156815845;4;1-274
156816045;3;1-275
156816045;4;1-275
156816245;3;1-276
156816245;4;1-276
156816445;3;1-277
156816446;4;1-277
156816646;3;1-278
156816646;4;1-278
156816846;3;1-279
156816846;4;1-279
156817046;3;1-280
156817046;4;1-280
156817246;3;1-281
156817246;4;1-281
156817446;3;1-282
156817446;4;1-282
156817646;3;1-283
156817646;4;1-283
156817846;3;1-284
156817846;4;1-284
156818046;3;1-285
156818047;4;1-285
156818247;3;1-286
156818247;4;1-286
156818447;3;1-287
156818447;4;1-287
156818647;3;1-288
156818647;4;1-288
156818847;3;1-289
156818847;4;1-289
156819047;3;1-290
156819047;4;1-290
156819247;3;1-291
156819247;4;1-291
156819447;3;1-292
156819447;4;1-292
156819647;3;1-293
156819648;4;1-293
156819848;3;1-294
156819848;4;1-294
156820048;3;1-295
156820048;4;1-295
156820248;3;1-296
156820248;4;1-296
156820448;3;1-297
156820448;4;1-297
156820648;3;1-298
156820648;4;1-298
156820848;3;1-299
156820848;4;1-299
156821048;3;1-300
156821049;4;1-300
156821249;3;1-301
156821249;4;1-301
156821449;3;1-302
156821449;4;1-302
156821649;3;1-303
156821649;4;1-303
156821849;3;1-304
156821849;4;1-304
156822049;3;1-305
156822049;4;1-305
156822249;3;1-306
156822249;4;1-306
156822449;3;1-307
156822449;4;1-307
156822649;3;1-308
156822649;4;1-308
156822849;3;1-309
156822850;4;1-309
156823050;3;1-310
156823050;4;1-310
156823250;3;1-311
156823250;4;1-311
156823450;3;1-312
156823450;4;1-312
156823650;3;1-313
156823650;4;1-313
156823850;3;1-314
156823850;4;1-314
156824050;3;1-315
156824050;4;1-315
156824250;3;1-316
156824250;4;1-316
156824450;3;1-317
156824450;4;1-317
156824650;3;1-318
156824651;4;1-318
156824851;3;1-319
156824851;4;1-319
156825051;3;1-320
156825051;4;1-320
156825251;3;1-321
156825251;4;1-321
156825451;3;1-322
156825451;4;1-322
156825651;3;1-323
156825651;4;1-323
156825851;3;1-324
156825851;4;1-324
156826051;3;1-325
156826051;4;1-325
156826251;3;1-326
156826251;4;1-326
156826451;3;1-327
156826452;4;1-327
156826652;3;1-328
156826652;4;1-328
156826852;3;1-329
156826852;4;1-329
156827052;3;1-330
156827052;4;1-330
156827252;3;1-331
156827252;4;1-331
156827452;3;1-332
156827452;4;1-332
156827652;3;1-333
156827652;4;1-333
156827852;3;1-334
156827852;4;1-334
156828052;3;1-335
156828053;4;1-335
156828253;3;1-336
156828253;4;1-336
156828453;3;1-337
156828453;4;1-337
156828653;3;1-338
156828653;4;1-338
156828853;3;1-339
156828853;4;1-339
156829053;3;1-340
156829053;4;1-340
156829253;3;1-341
156829253;4;1-341
156829453;3;1-342
156829453;4;1-342
156829653;3;1-343
156829653;4;1-343
156829854;3;1-344
156829854;4;1-344
156830054;3;1-345
156830054;4;1-345
156830254;3;1-346
156830254;4;1-346
156830454;3;1-347
156830454;4;1-347
156830654;3;1-348
156830654;4;1-348
156830854;3;1-349
156830854;4;1-349
156831054;3;1-350
156831054;4;1-350
156831254;3;1-351
156831255;4;1-351
156831455;3;1-352
156831455;4;1-352
156831655;3;1-353
156831655;4;1-353
156831855;3;1-354
156831855;4;1-354
156832055;3;1-355
156832055;4;1-355
156832255;3;1-356
156832255;4;1-356
156832455;3;1-357
156832455;4;1-357
156832655;3;1-358
156832655;4;1-358
156832855;3;1-359
156832855;4;1-359
156833055;3;1-360
156833055;4;1-360
156833255;3;1-361
156833256;4;1-361
156833456;3;1-362
156833456;4;1-362
156833656;3;1-363
156833656;4;1-363
156833856;3;1-364
156833856;4;1-364
156834056;3;1-365
156834056;4;1-365
156834256;3;1-366
156834256;4;1-366
156834456;3;1-367
156834456;4;1-367
156834656;3;1-368
156834656;4;1-368
156834856;3;1-369
156834857;4;1-369
156835057;3;1-370
156835057;4;1-370
156835257;3;1-371
156835257;4;1-371
156835457;3;1-372
156835457;4;1-372
156835657;3;1-373
156835657;4;1-373
156835857;3;1-374
156835857;4;1-374
156836057;3;1-375
156836057;4;1-375
156836257;3;1-376
156836257;4;1-376
156836457;3;1-377
156836457;4;1-377
156836657;3;1-378
156836657;4;1-378
156836857;3;1-379
156836858;4;1-379
156837058;3;1-380
156837058;4;1-380
156837258;3;1-381
156837258;4;1-381
156837458;3;1-382
156837458;4;1-382
156837658;3;1-383
156837658;4;1-383
156837858;3;1-384
156837858;4;1-384
156838058;3;1-385
156838058;4;1-385
156838258;3;1-386
156838258;4;1-386
156838458;3;1-387
156838458;4;1-387
156838658;3;1-388
156838659;4;1-388
156838859;3;1-389
156838859;4;1-389
156839059;3;1-390
156839059;4;1-390
156839259;3;1-391
156839259;4;1-391
156839459;3;1-392
156839459;4;1-392
156839659;3;1-393
156839659;4;1-393
156839859;3;1-394
156839859;4;1-394
156840059;3;1-395
156840059;4;1-395
156840259;3;1-396
156840260;4;1-396
156840460;3;1-397
156840460;4;1-397
156840660;3;1-398
156840660;4;1-398
156840860;3;1-399
156840860;4;1-399
156841060;3;1-400
156841060;4;1-400
156841260;3;1-401
156841260;4;1-401
156841460;3;1-402
156841460;4;1-402
156841660;3;1-403
156841660;4;1-403
156841860;3;1-404
156841860;4;1-404
156842060;3;1-405
156842060;4;1-405
156842261;3;1-406
156842261;4;1-406
156842461;3;1-407
156842461;4;1-407
156842661;3;1-408
156842661;4;1-408
156842861;3;1-409
156842861;4;1-409
156843061;3;1-410
156843061;4;1-410
156843261;3;1-411
156843261;4;1-411
156843461;3;1-412
156843461;4;1-412
156843661;3;1-413
156843661;4;1-413
156843861;3;1-414
156843861;4;1-414
156844061;3;1-415
156844061;4;1-415
156844262;3;1-416
156844262;4;1-416
156844462;3;1-417
156844462;4;1-417
156844662;3;1-418
156844662;4;1-418
156844862;3;1-419
156844862;4;1-419
156845062;3;1-420
156845062;4;1-420
156845262;3;1-421
156845262;4;1-421
156845462;3;1-422
156845462;4;1-422
156845662;3;1-423
156845662;4;1-423
156845862;3;1-424
156845862;4;1-424
156846063;3;1-425
156846063;4;1-425
156846263;3;1-426
156846263;4;1-426
156846463;3;1-427
156846463;4;1-427
156846663;3;1-428
156846663;4;1-428
156846863;3;1-429
156846863;4;1-429
156847063;3;1-430
156847063;4;1-430
156847263;3;1-431
156847263;4;1-431
156847463;3;1-432
156847463;4;1-432
156847663;3;1-433
156847663;4;1-433
156847863;3;1-434
156847863;4;1-434
156848064;3;1-435
156848064;4;1-435
156848264;3;1-436
156848264;4;1-436
156848464;3;1-437
156848464;4;1-437
156848664;3;1-438
156848664;4;1-438
156848864;3;1-439
156848864;4;1-439
156849064;3;1-440
156849064;4;1-440
156849264;3;1-441
156849264;4;1-441
156849464;3;1-442
156849464;4;1-442
156849664;3;1-443
156849664;4;1-443
156849864;3;1-444
156849864;4;1-444
156850065;3;1-445
156850065;4;1-445
156850265;3;1-446
156850265;4;1-446
156850465;3;1-447
156850465;4;1-447
156850665;3;1-448
156850665;4;1-448
156850865;3;1-449
156850865;4;1-449
156851065;3;1-450
156851065;4;1-450
156851265;3;1-451
156851265;4;1-451
156851465;3;1-452
156851465;4;1-452
156851665;3;1-453
156851665;4;1-453
156851865;3;1-454
156851866;4;1-454
156852066;3;1-455
156852066;4;1-455
156852266;3;1-456
156852266;4;1-456
156852466;3;1-457
156852466;4;1-457
156852666;3;1-458
156852666;4;1-458
156852866;3;1-459
156852866;4;1-459
156853066;3;1-460
156853066;4;1-460
156853266;3;1-461
156853266;4;1-461
156853466;3;1-462
156853467;4;1-462
156853667;3;1-463
156853667;4;1-463
156853867;3;1-464
156853867;4;1-464
156854067;3;1-465
156854067;4;1-465
156854267;3;1-466
156854267;4;1-466
156854467;3;1-467
156854467;4;1-467
156854667;3;1-468
156854667;4;1-468
156854867;3;1-469
156854867;4;1-469
156855067;3;1-470
156855067;4;1-470
156855267;3;1-471
156855267;4;1-471
156855467;3;1-472
156855468;4;1-472
156855668;3;1-473
156855668;4;1-473
156855868;3;1-474
156855868;4;1-474
156856068;3;1-475
156856068;4;1-475
156856268;3;1-476
156856268;4;1-476
156856468;3;1-477
156856468;4;1-477
156856668;3;1-478
156856668;4;1-478
156856868;3;1-479
156856868;4;1-479
156857068;3;1-480
156857068;4;1-480
156857268;3;1-481
156857269;4;1-481
156857469;3;1-482
156857469;4;1-482
156857669;3;1-483
156857669;4;1-483
156857869;3;1-484
156857869;4;1-484
156858069;3;1-485
156858069;4;1-485
156858269;3;1-486
156858269;4;1-486
156858469;3;1-487
156858469;4;1-487
156858669;3;1-488
156858669;4;1-488
156858869;3;1-489
156858869;4;1-489
156859070;3;1-490
156859070;4;1-490
156859270;3;1-491
156859270;4;1-491
156859470;3;1-492
156859470;4;1-492
156859670;3;1-493
156859670;4;1-493
156859870;3;1-494
156859870;4;1-494
156860070;3;1-495
156860070;4;1-495
156860270;3;1-496
156860270;4;1-496
156860470;3;1-497
156860470;4;1-497
156860670;3;1-498
156860670;4;1-498
156860870;3;1-499
156860871;4;1-499
156861071;3;1-500
156861071;4;1-500
156861271;3;1-501
156861271;4;1-501
156861471;3;1-502
156861471;4;1-502
156861671;3;1-503
156861671;4;1-503
156861871;3;1-504
156861871;4;1-504
156862071;3;1-505
156862071;4;1-505
156862271;3;1-506
156862271;4;1-506
156862471;3;1-507
156862471;4;1-507
156862672;3;1-508
156862672;4;1-508
156862872;3;1-509
156862872;4;1-509
156863072;3;1-510
156863072;4;1-510
156863272;3;1-511
156863272;4;1-511
156863472;3;1-512
156863472;4;1-512
156863672;3;1-513
156863672;4;1-513
156863872;3;1-514
156863872;4;1-514
156864072;3;1-515
156864072;4;1-515
156864272;3;1-516
156864272;4;1-516
156864472;3;1-517
156864473;4;1-517
156864673;3;1-518
156864673;4;1-518
156864873;3;1-519
156864873;4;1-519
156865073;3;1-520
156865073;4;1-520
156865273;3;1-521
156865273;4;1-521
156865473;3;1-522
156865473;4;1-522
156865673;3;1-523
156865673;4;1-523
156865873;3;1-524
156865873;4;1-524
156866073;3;1-525
156866073;4;1-525
156866273;3;1-526
156866273;4;1-526
156866473;3;1-527
156866474;4;1-527
156866674;3;1-528
156866674;4;1-528
156866874;3;1-529
156866874;4;1-529
156867074;3;1-530
156867074;4;1-530
156867274;3;1-531
156867274;4;1-531
156867474;3;1-532
156867474;4;1-532
156867674;3;1-533
156867674;4;1-533
156867874;3;1-534
156867874;4;1-534
156868074;3;1-535
156868074;4;1-535
156868274;3;1-536
156868275;4;1-536
156868475;3;1-537
156868475;4;1-537
156868675;3;1-538
156868675;4;1-538
156868875;3;1-539
156868875;4;1-539
156869075;3;1-540
156869075;4;1-540
156869275;3;1-541
156869275;4;1-541
156869475;3;1-542
156869475;4;1-542
156869675;3;1-543
156869675;4;1-543
156869875;3;1-544
156869876;4;1-544
156870076;3;1-545
156870076;4;1-545
156870276;3;1-546
156870276;4;1-546
156870476;3;1-547
156870476;4;1-547
156870676;3;1-548
156870676;4;1-548
156870876;3;1-549
156870876;4;1-549
156871076;3;1-550
156871076;4;1-550
156871276;3;1-551
156871276;4;1-551
156871476;3;1-552
156871476;4;1-552
156871676;3;1-553
156871677;4;1-553
156871877;3;1-554
156871877;4;1-554
156872077;3;1-555
156872077;4;1-555
156872277;3;1-556
156872277;4;1-556
156872477;3;1-557
156872477;4;1-557
156872677;3;1-558
156872677;4;1-558
156872877;3;1-559
156872877;4;1-559
156873077;3;1-560
156873077;4;1-560
156873277;3;1-561
156873278;4;1-561
156873478;3;1-562
156873478;4;1-562
156873678;3;1-563
156873678;4;1-563
156873878;3;1-564
156873878;4;1-564
156874078;3;1-565
156874078;4;1-565
156874278;3;1-566
156874278;4;1-566
156874478;3;1-567
156874478;4;1-567
156874678;3;1-568
156874678;4;1-568
156874878;3;1-569
156874878;4;1-569
156875078;3;1-570
156875078;4;1-570
156875278;3;1-571
156875279;4;1-571
156875479;3;1-572
156875479;4;1-572
156875679;3;1-573
156875679;4;1-573
156875879;3;1-574
156875879;4;1-574
156876079;3;1-575
156876079;4;1-575
156876279;3;1-576
156876279;4;1-576
156876479;3;1-577
156876479;4;1-577
156876679;3;1-578
156876679;4;1-578
156876879;3;1-579
156876880;4;1-579
156877080;3;1-580
156877080;4;1-580
156877280;3;1-581
156877280;4;1-581
156877480;3;1-582
156877480;4;1-582
156877680;3;1-583
156877680;4;1-583
156877880;3;1-584
156877880;4;1-584
156878080;3;1-585
156878080;4;1-585
156878280;3;1-586
156878280;4;1-586
156878480;3;1-587
156878480;4;1-587
156878680;3;1-588
156878681;4;1-588
156878881;3;1-589
156878881;4;1-589
156879081;3;1-590
156879081;4;1-590
156879281;3;1-591
156879281;4;1-591
156879481;3;1-592
156879481;4;1-592
156879681;3;1-593
156879681;4;1-593
156879881;3;1-594
156879881;4;1-594
156880081;3;1-595
156880081;4;1-595
156880281;3;1-596
156880281;4;1-596
156880481;3;1-597
156880481;4;1-597
156880681;3;1-598
156880682;4;1-598
156880882;3;1-599
156880882;4;1-599
156881082;3;1-600
156881082;4;1-600
156881282;3;1-601
156881282;4;1-601
156881482;3;1-602
156881482;4;1-602
156881682;3;1-603
156881682;4;1-603
156881882;3;1-604
156881882;4;1-604
156882082;3;1-605
156882082;4;1-605
156882282;3;1-606
156882283;4;1-606
156882483;3;1-607
156882483;4;1-607
156882683;3;1-608
156882683;4;1-608
156882883;3;1-609
156882883;4;1-609
156883083;3;1-610
156883083;4;1-610
156883283;3;1-611
156883283;4;1-611
156883483;3;1-612
156883483;4;1-612
156883683;3;1-613
156883683;4;1-613
156883883;3;1-614
156883883;4;1-614
156884083;3;1-615
156884083;4;1-615
156884283;3;1-616
156884284;4;1-616
156884484;3;1-617
156884484;4;1-617
156884684;3;1-618
156884684;4;1-618
156884884;3;1-619
156884884;4;1-619
156885084;3;1-620
156885084;4;1-620
156885284;3;1-621
156885284;4;1-621
156885484;3;1-622
156885484;4;1-622
156885684;3;1-623
156885684;4;1-623
156885884;3;1-624
156885884;4;1-624
156886084;3;1-625
156886084;4;1-625
156886284;3;1-626
156886285;4;1-626
156886485;3;1-627
156886485;4;1-627
156886685;3;1-628
156886685;4;1-628
156886885;3;1-629
156886885;4;1-629
156887085;3;1-630
156887085;4;1-630
156887285;3;1-631
156887285;4;1-631
156887485;3;1-632
156887485;4;1-632
156887685;3;1-633
156887685;4;1-633
156887885;3;1-634
156887885;4;1-634
156888085;3;1-635
156888085;4;1-635
156888285;3;1-636
156888286;4;1-636
156888486;3;1-637
156888486;4;1-637
156888686;3;1-638
156888686;4;1-638
156888886;3;1-639
156888886;4;1-639
156889086;3;1-640
156889086;4;1-640
156889286;3;1-641
156889286;4;1-641
156889486;3;1-642
156889486;4;1-642
156889686;3;1-643
156889686;4;1-643
156889886;3;1-644
156889886;4;1-644
156890086;3;1-645
156890086;4;1-645
156890287;3;1-646
156890287;4;1-646
156890487;3;1-647
156890487;4;1-647
156890687;3;1-648
156890687;4;1-648
156890887;3;1-649
156890887;4;1-649
156891087;3;1-650
156891087;4;1-650
156891287;3;1-651
156891287;4;1-651
156891487;3;1-652
156891487;4;1-652
156891687;3;1-653
156891687;4;1-653
156891887;3;1-654
156891887;4;1-654
156892087;3;1-655
156892087;4;1-655
156892287;3;1-656
156892288;4;1-656
156892488;3;1-657
156892488;4;1-657
156892688;3;1-658
156892688;4;1-658
156892888;3;1-659
156892888;4;1-659
156893088;3;1-660
156893088;4;1-660
156893288;3;1-661
156893288;4;1-661
156893488;3;1-662
156893488;4;1-662
156893688;3;1-663
156893688;4;1-663
156893888;3;1-664
156893888;4;1-664
156894088;3;1-665
156894088;4;1-665
156894288;3;1-666
156894289;4;1-666
156894489;3;1-667
156894489;4;1-667
156894689;3;1-668
156894689;4;1-668
156894889;3;1-669
156894889;4;1-669
156895089;3;1-670
156895089;4;1-670
156895289;3;1-671
156895289;4;1-671
156895489;3;1-672
156895489;4;1-672
156895689;3;1-673
156895689;4;1-673
156895889;3;1-674
156895889;4;1-674
156896089;3;1-675
156896089;4;1-675
156896289;3;1-676
156896289;4;1-676
156896489;3;1-677
156896489;4;1-677
156896690;3;1-678
156896690;4;1-678
156896890;3;1-679
156896890;4;1-679
156897090;3;1-680
156897090;4;1-680
156897290;3;1-681
156897290;4;1-681
156897490;3;1-682
156897490;4;1-682
156897690;3;1-683
156897690;4;1-683
156897890;3;1-684
156897890;4;1-684
156898090;3;1-685
156898090;4;1-685
156898290;3;1-686
156898290;4;1-686
156898490;3;1-687
156898490;4;1-687
156898690;3;1-688
156898690;4;1-688
156898890;3;1-689
156898891;4;1-689
156899091;3;1-690
156899091;4;1-690
156899291;3;1-691
156899291;4;1-691
156899491;3;1-692
156899491;4;1-692
156899691;3;1-693
156899691;4;1-693
156899891;3;1-694
156899891;4;1-694
156900091;3;1-695
156900091;4;1-695
156900291;3;1-696
156900291;4;1-696
156900491;3;1-697
156900491;4;1-697
156900691;3;1-698
156900691;4;1-698
156900891;3;1-699
156900891;4;1-699
156901092;3;1-700
156901092;4;1-700
156901292;3;1-701
156901292;4;1-701
156901492;3;1-702
156901492;4;1-702
156901692;3;1-703
156901692;4;1-703
156901892;3;1-704
156901892;4;1-704
156902092;3;1-705
156902092;4;1-705
156902292;3;1-706
156902292;4;1-706
156902492;3;1-707
156902492;4;1-707
156902692;3;1-708
156902692;4;1-708
156902892;3;1-709
156902892;4;1-709
156903092;3;1-710
156903093;4;1-710
156903293;3;1-711
156903293;4;1-711
156903493;3;1-712
156903493;4;1-712
156903693;3;1-713
156903693;4;1-713
156903893;3;1-714
156903893;4;1-714
156904093;3;1-715
156904093;4;1-715
156904293;3;1-716
156904293;4;1-716
156904493;3;1-717
156904493;4;1-717
156904693;3;1-718
156904693;4;1-718
156904893;3;1-719
156904893;4;1-719
156905094;3;1-720
156905094;4;1-720
156905294;3;1-721
156905294;4;1-721
156905494;3;1-722
156905494;4;1-722
156905694;3;1-723
156905694;4;1-723
156905894;3;1-724
156905894;4;1-724
156906094;3;1-725
156906094;4;1-725
156906294;3;1-726
156906294;4;1-726
156906494;3;1-727
156906494;4;1-727
156906694;3;1-728
156906694;4;1-728
156906894;3;1-729
156906895;4;1-729
156907095;3;1-730
156907095;4;1-730
156907295;3;1-731
156907295;4;1-731
156907495;3;1-732
156907495;4;1-732
156907695;3;1-733
156907695;4;1-733
156907895;3;1-734
156907895;4;1-734
156908095;3;1-735
156908095;4;1-735
156908295;3;1-736
156908295;4;1-736
156908495;3;1-737
156908495;4;1-737
156908695;3;1-738
156908695;4;1-738
156908895;3;1-739
156908895;4;1-739
156909096;3;1-740
156909096;4;1-740
156909296;3;1-741
156909296;4;1-741
156909496;3;1-742
156909496;4;1-742
156909696;3;1-743
156909696;4;1-743
156909896;3;1-744
156909896;4;1-744
156910096;3;1-745
156910096;4;1-745
156910296;3;1-746
156910296;4;1-746
156910496;3;1-747
156910496;4;1-747
156910696;3;1-748
156910696;4;1-748
156910896;3;1-749
156910896;4;1-749
156911096;3;1-750
156911096;4;1-750
156911297;3;1-751
156911297;4;1-751
156911497;3;1-752
156911497;4;1-752
156911697;3;1-753
156911697;4;1-753
156911897;3;1-754
156911897;4;1-754
156912097;3;1-755
156912097;4;1-755
156912297;3;1-756
156912297;4;1-756
156912497;3;1-757
156912497;4;1-757
156912697;3;1-758
156912697;4;1-758
156912897;3;1-759
156912897;4;1-759
156913097;3;1-760
156913097;4;1-760
156913297;3;1-761
156913298;4;1-761
156913498;3;1-762
156913498;4;1-762
156913698;3;1-763
156913698;4;1-763
156913898;3;1-764
156913898;4;1-764
156914098;3;1-765
156914098;4;1-765
156914298;3;1-766
156914298;4;1-766
156914498;3;1-767
156914498;4;1-767
156914698;3;1-768
156914698;4;1-768
156914898;3;1-769
156914898;4;1-769
156915098;3;1-770
156915098;4;1-770
156915298;3;1-771
156915298;4;1-771
156915498;3;1-772
156915499;4;1-772
156915699;3;1-773
156915699;4;1-773
156915899;3;1-774
156915899;4;1-774
156916099;3;1-775
156916099;4;1-775
156916299;3;1-776
156916299;4;1-776
156916499;3;1-777
156916499;4;1-777
156916699;3;1-778
156916699;4;1-778
156916899;3;1-779
156916899;4;1-779
156917099;3;1-780
156917099;4;1-780
156917299;3;1-781
156917299;4;1-781
156917499;3;1-782
156917499;4;1-782
156917699;3;1-783
156917699;4;1-783
156917900;3;1-784
156917900;4;1-784
156918100;3;1-785
156918100;4;1-785
156918300;3;1-786
156918300;4;1-786
156918500;3;1-787
156918500;4;1-787
156918700;3;1-788
156918700;4;1-788
156918900;3;1-789
156918900;4;1-789
156919100;3;1-790
156919100;4;1-790
156919300;3;1-791
156919300;4;1-791
156919500;3;1-792
156919500;4;1-792
156919700;3;1-793
156919700;4;1-793
156919900;3;1-794
156919900;4;1-794
156920101;3;1-795
156920101;4;1-795
156920301;3;1-796
156920301;4;1-796
156920501;3;1-797
156920501;4;1-797
156920701;3;1-798
156920701;4;1-798
156920901;3;1-799
156920901;4;1-799
156921101;3;1-800
156921101;4;1-800
156921301;3;1-801
156921301;4;1-801
156921501;3;1-802
156921501;4;1-802
156921701;3;1-803
156921701;4;1-803
156921901;3;1-804
156921901;4;1-804
156922101;3;1-805
156922101;4;1-805
156922302;3;1-806
156922302;4;1-806
156922502;3;1-807
156922502;4;1-807
156922702;3;1-808
156922702;4;1-808
156922902;3;1-809
156922902;4;1-809
156923102;3;1-810
156923102;4;1-810
156923302;3;1-811
156923302;4;1-811
156923502;3;1-812
156923502;4;1-812
156923702;3;1-813
156923702;4;1-813
156923902;3;1-814
156923902;4;1-814
156924102;3;1-815
156924102;4;1-815
156924302;3;1-816
156924303;4;1-816
156924502;3;1-817
156924503;4;1-817
156924703;3;1-818
156924703;4;1-818
156924903;3;1-819
156924903;4;1-819
156925103;3;1-820
156925103;4;1-820
156925303;3;1-821
156925303;4;1-821
156925503;3;1-822
156925503;4;1-822
156925703;3;1-823
156925703;4;1-823
156925903;3;1-824
156925903;4;1-824
156926103;3;1-825
156926103;4;1-825
156926303;3;1-826
156926303;4;1-826
156926503;3;1-827
156926503;4;1-827
156926703;3;1-828
156926704;4;1-828
156926904;3;1-829
156926904;4;1-829
156927104;3;1-830
156927104;4;1-830
156927304;3;1-831
156927304;4;1-831
156927504;3;1-832
156927504;4;1-832
156927704;3;1-833
156927704;4;1-833
156927904;3;1-834
156927904;4;1-834
156928104;3;1-835
156928104;4;1-835
156928304;3;1-836
156928304;4;1-836
156928504;3;1-837
156928504;4;1-837
156928704;3;1-838
156928705;4;1-838
156928905;3;1-839
156928905;4;1-839
156929105;3;1-840
156929105;4;1-840
156929305;3;1-841
156929305;4;1-841
156929505;3;1-842
156929505;4;1-842
156929705;3;1-843
156929705;4;1-843
156929905;3;1-844
156929905;4;1-844
156930105;3;1-845
156930105;4;1-845
156930305;3;1-846
156930305;4;1-846
156930505;3;1-847
156930505;4;1-847
156930705;3;1-848
156930706;4;1-848
156930906;3;1-849
156930906;4;1-849
156931106;3;1-850
156931106;4;1-850
156931306;3;1-851
156931306;4;1-851
156931506;3;1-852
156931506;4;1-852
156931706;3;1-853
156931706;4;1-853
156931906;3;1-854
156931906;4;1-854
156932106;3;1-855
156932106;4;1-855
156932306;3;1-856
156932306;4;1-856
156932506;3;1-857
156932506;4;1-857
156932706;3;1-858
156932707;4;1-858
156932907;3;1-859
156932907;4;1-859
156933107;3;1-860
156933107;4;1-860
156933307;3;1-861
156933307;4;1-861
156933507;3;1-862
156933507;4;1-862
156933707;3;1-863
156933707;4;1-863
156933907;3;1-864
156933907;4;1-864
156934107;3;1-865
156934107;4;1-865
156934307;3;1-866
156934307;4;1-866
156934507;3;1-867
156934507;4;1-867
156934707;3;1-868
156934708;4;1-868
156934908;3;1-869
156934908;4;1-869
156935108;3;1-870
156935108;4;1-870
156935308;3;1-871
156935308;4;1-871
156935508;3;1-872
156935508;4;1-872
156935708;3;1-873
156935708;4;1-873
156935908;3;1-874
156935908;4;1-874
156936108;3;1-875
156936108;4;1-875
156936308;3;1-876
156936308;4;1-876
156936508;3;1-877
156936508;4;1-877
156936708;3;1-878
156936709;4;1-878
156936909;3;1-879
156936909;4;1-879
156937109;3;1-880
156937109;4;1-880
156937309;3;1-881
156937309;4;1-881
156937509;3;1-882
156937509;4;1-882
156937709;3;1-883
156937709;4;1-883
156937909;3;1-884
156937909;4;1-884
156938109;3;1-885
156938109;4;1-885
156938309;3;1-886
156938309;4;1-886
156938509;3;1-887
156938509;4;1-887
156938709;3;1-888
156938710;4;1-888
156938910;3;1-889
156938910;4;1-889
156939110;3;1-890
156939110;4;1-890
156939310;3;1-891
156939310;4;1-891
156939510;3;1-892
156939510;4;1-892
156939710;3;1-893
156939710;4;1-893
156939910;3;1-894
156939910;4;1-894
156940110;3;1-895
156940110;4;1-895
156940310;3;1-896
156940310;4;1-896
156940510;3;1-897
156940510;4;1-897
156940710;3;1-898
156940711;4;1-898
156940911;3;1-899
156940911;4;1-899
156941111;3;1-900
156941111;4;1-900
156941311;3;1-901
156941311;4;1-901
156941511;3;1-902
156941511;4;1-902
156941711;3;1-903
156941711;4;1-903
156941911;3;1-904
156941911;4;1-904
156942111;3;1-905
156942111;4;1-905
156942311;3;1-906
156942311;4;1-906
156942511;3;1-907
156942511;4;1-907
156942711;3;1-908
156942711;4;1-908
156942912;3;1-909
156942912;4;1-909
156943112;3;1-910
156943112;4;1-910
156943312;3;1-911
156943312;4;1-911
156943512;3;1-912
156943512;4;1-912
156943712;3;1-913
156943712;4;1-913
156943912;3;1-914
156943912;4;1-914
156944112;3;1-915
156944112;4;1-915
156944312;3;1-916
156944312;4;1-916
156944512;3;1-917
156944513;4;1-917
156944713;3;1-918
156944713;4;1-918
156944913;3;1-919
156944913;4;1-919
156945113;3;1-920
156945113;4;1-920
156945313;3;1-921
156945313;4;1-921
156945513;3;1-922
156945513;4;1-922
156945713;3;1-923
156945713;4;1-923
156945913;3;1-924
156945913;4;1-924
156946113;3;1-925
156946113;4;1-925
156946313;3;1-926
156946313;4;1-926
156946513;3;1-927
156946514;4;1-927
156946714;3;1-928
156946714;4;1-928
156946914;3;1-929
156946914;4;1-929
156947114;3;1-930
156947114;4;1-930
156947314;3;1-931
156947314;4;1-931
156947514;3;1-932
156947514;4;1-932
156947714;3;1-933
156947714;4;1-933
156947914;3;1-934
156947914;4;1-934
156948114;3;1-935
156948114;4;1-935
156948314;3;1-936
156948314;4;1-936
156948514;3;1-937
156948514;4;1-937
156948715;3;1-938
156948715;4;1-938
156948915;3;1-939
156948915;4;1-939
156949115;3;1-940
156949115;4;1-940
156949315;3;1-941
156949315;4;1-941
156949515;3;1-942
156949515;4;1-942
156949715;3;1-943
156949715;4;1-943
156949915;3;1-944
156949915;4;1-944
156950115;3;1-945
156950115;4;1-945
156950315;3;1-946
156950315;4;1-946
156950515;3;1-947
156950515;4;1-947
156950715;3;1-948
156950716;4;1-948
156950916;3;1-949
156950916;4;1-949
156951116;3;1-950
156951116;4;1-950
156951316;3;1-951
156951316;4;1-951
156951516;3;1-952
156951516;4;1-952
156951716;3;1-953
156951716;4;1-953
156951916;3;1-954
156951916;4;1-954
156952116;3;1-955
156952116;4;1-955
156952316;3;1-956
156952316;4;1-956
156952516;3;1-957
156952517;4;1-957
156952717;3;1-958
156952717;4;1-958
156952917;3;1-959
156952917;4;1-959
156953117;3;1-960
156953117;4;1-960
156953317;3;1-961
156953317;4;1-961
156953517;3;1-962
156953517;4;1-962
156953717;3;1-963
156953717;4;1-963
156953917;3;1-964
156953917;4;1-964
156954117;3;1-965
156954117;4;1-965
156954317;3;1-966
156954317;4;1-966
156954517;3;1-967
156954518;4;1-967
156954718;3;1-968
156954718;4;1-968
156954918;3;1-969
156954918;4;1-969
156955118;3;1-970
156955118;4;1-970
156955318;3;1-971
156955318;4;1-971
156955518;3;1-972
156955518;4;1-972
156955718;3;1-973
156955718;4;1-973
156955918;3;1-974
156955918;4;1-974
156956118;3;1-975
156956119;4;1-975
156956319;3;1-976
156956319;4;1-976
156956519;3;1-977
156956519;4;1-977
156956719;3;1-978
156956719;4;1-978
156956919;3;1-979
156956919;4;1-979
156957119;3;1-980
156957119;4;1-980
156957319;3;1-981
156957319;4;1-981
156957519;3;1-982
156957519;4;1-982
156957719;3;1-983
156957719;4;1-983
156957919;3;1-984
156957919;4;1-984
156958119;3;1-985
156958120;4;1-985
156958320;3;1-986
156958320;4;1-986
156958520;3;1-987
156958520;4;1-987
156958720;3;1-988
156958720;4;1-988
156958920;3;1-989
156958920;4;1-989
156959120;3;1-990
156959120;4;1-990
156959320;3;1-991
156959320;4;1-991
156959520;3;1-992
156959520;4;1-992
156959720;3;1-993
156959720;4;1-993
156959920;3;1-994
156959920;4;1-994
156960120;3;1-995
156960120;4;1-995
156960321;3;1-996
156960321;4;1-996
156960521;3;1-997
156960521;4;1-997
156960721;3;1-998
156960721;4;1-998
156960921;3;1-999
156960921;4;1-999
156961121;3;1-1000
156961121;4;1-1000
156961321;3;1-1001
156961321;4;1-1001
156961521;3;1-1002
156961521;4;1-1002
156961721;3;1-1003
156961721;4;1-1003
156961921;3;1-1004
156961921;4;1-1004
156962121;3;1-1005
156962121;4;1-1005
156962321;3;1-1006
156962322;4;1-1006
156962522;3;1-1007
156962522;4;1-1007
156962722;3;1-1008
156962722;4;1-1008
156962922;3;1-1009
156962922;4;1-1009
156963122;3;1-1010
156963122;4;1-1010
156963322;3;1-1011
156963322;4;1-1011
156963522;3;1-1012
156963522;4;1-1012
156963722;3;1-1013
156963722;4;1-1013
156963922;3;1-1014
156963922;4;1-1014
156964122;3;1-1015
156964122;4;1-1015
156964322;3;1-1016
156964322;4;1-1016
156964522;3;1-1017
156964523;4;1-1017
156964723;3;1-1018
156964723;4;1-1018
156964923;3;1-1019
156964923;4;1-1019
156965123;3;1-1020
156965123;4;1-1020
156965323;3;1-1021
156965323;4;1-1021
156965523;3;1-1022
156965523;4;1-1022
156965723;3;1-1023
156965723;4;1-1023
156965923;3;1-1024
156965923;4;1-1024
156966123;3;1-1025
156966123;4;1-1025
156966323;3;1-1026
156966323;4;1-1026
156966523;3;1-1027
156966523;4;1-1027
156966723;3;1-1028
156966724;4;1-1028
156966924;3;1-1029
156966924;4;1-1029
156967124;3;1-1030
156967124;4;1-1030
156967324;3;1-1031
156967324;4;1-1031
156967524;3;1-1032
156967524;4;1-1032
156967724;3;1-1033
156967724;4;1-1033
156967924;3;1-1034
156967924;4;1-1034
156968124;3;1-1035
156968124;4;1-1035
156968324;3;1-1036
156968324;4;1-1036
156968524;3;1-1037
156968524;4;1-1037
156968724;3;1-1038
156968724;4;1-1038
156968925;3;1-1039
156968925;4;1-1039
156969125;3;1-1040
156969125;4;1-1040
156969325;3;1-1041
156969325;4;1-1041
156969525;3;1-1042
156969525;4;1-1042
156969725;3;1-1043
156969725;4;1-1043
156969925;3;1-1044
156969925;4;1-1044
156970125;3;1-1045
156970125;4;1-1045
156970325;3;1-1046
156970325;4;1-1046
156970525;3;1-1047
156970525;4;1-1047
156970725;3;1-1048
156970725;4;1-1048
156970925;3;1-1049
156970926;4;1-1049
156971126;3;1-1050
156971126;4;1-1050
156971326;3;1-1051
156971326;4;1-1051
156971526;3;1-1052
156971526;4;1-1052
156971726;3;1-1053
156971726;4;1-1053
156971926;3;1-1054
156971926;4;1-1054
156972126;3;1-1055
156972126;4;1-1055
156972326;3;1-1056
156972326;4;1-1056
156972526;3;1-1057
156972526;4;1-1057
156972726;3;1-1058
156972726;4;1-1058
156972926;3;1-1059
156972926;4;1-1059
156973126;3;1-1060
156973126;4;1-1060
156973327;3;1-1061
156973327;4;1-1061
156973527;3;1-1062
156973527;4;1-1062
156973727;3;1-1063
156973727;4;1-1063
156973927;3;1-1064
156973927;4;1-1064
156974127;3;1-1065
156974127;4;1-1065
156974327;3;1-1066
156974327;4;1-1066
156974527;3;1-1067
156974527;4;1-1067
156974727;3;1-1068
156974727;4;1-1068
156974927;3;1-1069
156974927;4;1-1069
156975128;3;1-1070
156975128;4;1-1070
156975328;3;1-1071
156975328;4;1-1071
156975528;3;1-1072
156975528;4;1-1072
156975728;3;1-1073
156975728;4;1-1073
156975928;3;1-1074
156975928;4;1-1074
156976128;3;1-1075
156976128;4;1-1075
156976328;3;1-1076
156976328;4;1-1076
156976528;3;1-1077
156976528;4;1-1077
156976728;3;1-1078
156976728;4;1-1078
156976928;3;1-1079
156976929;4;1-1079
156977129;3;1-1080
156977129;4;1-1080
156977329;3;1-1081
156977329;4;1-1081
156977529;3;1-1082
156977529;4;1-1082
156977729;3;1-1083
156977729;4;1-1083
156977929;3;1-1084
156977929;4;1-1084
156978129;3;1-1085
156978129;4;1-1085
156978329;3;1-1086
156978329;4;1-1086
156978529;3;1-1087
156978529;4;1-1087
156978729;3;1-1088
156978730;4;1-1088
156978930;3;1-1089
156978930;4;1-1089
156979130;3;1-1090
156979130;4;1-1090
156979330;3;1-1091
156979330;4;1-1091
156979530;3;1-1092
156979530;4;1-1092
156979730;3;1-1093
156979730;4;1-1093
156979930;3;1-1094
156979930;4;1-1094
156980130;3;1-1095
156980130;4;1-1095
156980330;3;1-1096
156980330;4;1-1096
156980530;3;1-1097
156980530;4;1-1097
156980731;3;1-1098
156980731;4;1-1098
156980931;3;1-1099
156980931;4;1-1099
156981131;3;1-1100
156981131;4;1-1100
156981331;3;1-1101
156981331;4;1-1101
156981531;3;1-1102
156981531;4;1-1102
156981731;3;1-1103
156981731;4;1-1103
156981931;3;1-1104
156981931;4;1-1104
156982131;3;1-1105
156982131;4;1-1105
156982331;3;1-1106
156982331;4;1-1106
156982532;3;1-1107
156982532;4;1-1107
156982732;3;1-1108
156982732;4;1-1108
156982932;3;1-1109
156982932;4;1-1109
156983132;3;1-1110
156983132;4;1-1110
156983332;3;1-1111
156983332;4;1-1111
156983532;3;1-1112
156983532;4;1-1112
156983732;3;1-1113
156983732;4;1-1113
156983932;3;1-1114
156983932;4;1-1114
156984132;3;1-1115
156984133;4;1-1115
156984333;3;1-1116
156984333;4;1-1116
156984533;3;1-1117
156984533;4;1-1117
156984733;3;1-1118
156984733;4;1-1118
156984933;3;1-1119
156984933;4;1-1119
156985133;3;1-1120
156985133;4;1-1120
156985333;3;1-1121
156985333;4;1-1121
156985533;3;1-1122
156985533;4;1-1122
156985733;3;1-1123
156985733;4;1-1123
156985933;3;1-1124
156985933;4;1-1124
156986133;3;1-1125
156986133;4;1-1125
156986334;3;1-1126
156986334;4;1-1126
156986534;3;1-1127
156986534;4;1-1127
156986734;3;1-1128
156986734;4;1-1128
156986934;3;1-1129
156986934;4;1-1129
156987134;3;1-1130
156987134;4;1-1130
156987334;3;1-1131
156987334;4;1-1131
156987534;3;1-1132
156987534;4;1-1132
156987734;3;1-1133
156987734;4;1-1133
156987934;3;1-1134
156987934;4;1-1134
156988134;3;1-1135
156988134;4;1-1135
156988335;3;1-1136
156988335;4;1-1136
156988535;3;1-1137
156988535;4;1-1137
156988735;3;1-1138
156988735;4;1-1138
156988935;3;1-1139
156988935;4;1-1139
156989135;3;1-1140
156989135;4;1-1140
156989335;3;1-1141
156989335;4;1-1141
156989535;3;1-1142
156989535;4;1-1142
156989735;3;1-1143
156989735;4;1-1143
156989935;3;1-1144
156989935;4;1-1144
156990135;3;1-1145
156990135;4;1-1145
156990336;3;1-1146
156990336;4;1-1146
156990536;3;1-1147
156990536;4;1-1147
156990736;3;1-1148
156990736;4;1-1148
156990936;3;1-1149
156990936;4;1-1149
156991136;3;1-1150
156991136;4;1-1150
156991336;3;1-1151
156991336;4;1-1151
156991536;3;1-1152
156991536;4;1-1152
156991736;3;1-1153
156991736;4;1-1153
156991936;3;1-1154
156991937;4;1-1154
156992137;3;1-1155
156992137;4;1-1155
156992337;3;1-1156
156992337;4;1-1156
156992537;3;1-1157
156992537;4;1-1157
156992737;3;1-1158
156992737;4;1-1158
156992937;3;1-1159
156992937;4;1-1159
156993137;3;1-1160
156993137;4;1-1160
156993337;3;1-1161
156993337;4;1-1161
156993537;3;1-1162
156993537;4;1-1162
156993737;3;1-1163
156993737;4;1-1163
156993938;3;1-1164
156993938;4;1-1164
156994138;3;1-1165
156994138;4;1-1165
156994338;3;1-1166
156994338;4;1-1166
156994538;3;1-1167
156994538;4;1-1167
156994738;3;1-1168
156994738;4;1-1168
156994938;3;1-1169
156994938;4;1-1169
156995138;3;1-1170
156995138;4;1-1170
156995338;3;1-1171
156995338;4;1-1171
156995538;3;1-1172
156995538;4;1-1172
156995738;3;1-1173
156995739;4;1-1173
156995939;3;1-1174
156995939;4;1-1174
156996139;3;1-1175
156996139;4;1-1175
156996339;3;1-1176
156996339;4;1-1176
156996539;3;1-1177
156996539;4;1-1177
156996739;3;1-1178
156996739;4;1-1178
156996939;3;1-1179
156996939;4;1-1179
156997139;3;1-1180
156997139;4;1-1180
156997339;3;1-1181
156997339;4;1-1181
156997539;3;1-1182
156997539;4;1-1182
156997739;3;1-1183
156997739;4;1-1183
156997939;3;1-1184
156997940;4;1-1184
156998140;3;1-1185
156998140;4;1-1185
156998340;3;1-1186
156998340;4;1-1186
156998540;3;1-1187
156998540;4;1-1187
156998740;3;1-1188
156998740;4;1-1188
156998940;3;1-1189
156998940;4;1-1189
156999140;3;1-1190
156999140;4;1-1190
156999340;3;1-1191
156999340;4;1-1191
156999540;3;1-1192
156999540;4;1-1192
156999740;3;1-1193
156999740;4;1-1193
156999940;3;1-1194
156999941;4;1-1194
157000141;3;1-1195
157000141;4;1-1195
157000341;3;1-1196
157000341;4;1-1196
157000541;3;1-1197
157000541;4;1-1197
157000741;3;1-1198
157000741;4;1-1198
157000941;3;1-1199
157000941;4;1-1199
157001141;3;1-1200
157001141;4;1-1200
157001341;3;1-1201
157001341;4;1-1201
157001541;3;1-1202
157001541;4;1-1202
157001741;3;1-1203
157001741;4;1-1203
157001942;3;1-1204
157001942;4;1-1204
157002142;3;1-1205
157002142;4;1-1205
157002342;3;1-1206
157002342;4;1-1206
157002542;3;1-1207
157002542;4;1-1207
157002742;3;1-1208
157002742;4;1-1208
157002942;3;1-1209
157002942;4;1-1209
157003142;3;1-1210
157003142;4;1-1210
157003342;3;1-1211
157003342;4;1-1211
157003542;3;1-1212
157003542;4;1-1212
157003742;3;1-1213
157003743;4;1-1213
157003943;3;1-1214
157003943;4;1-1214
157004143;3;1-1215
157004143;4;1-1215
157004343;3;1-1216
157004343;4;1-1216
157004543;3;1-1217
157004543;4;1-1217
157004743;3;1-1218
157004743;4;1-1218
157004943;3;1-1219
157004943;4;1-1219
157005143;3;1-1220
157005143;4;1-1220
157005343;3;1-1221
157005343;4;1-1221
157005543;3;1-1222
157005543;4;1-1222
157005744;3;1-1223
157005744;4;1-1223
157005944;3;1-1224
157005944;4;1-1224
157006144;3;1-1225
157006144;4;1-1225
157006344;3;1-1226
157006344;4;1-1226
157006544;3;1-1227
157006544;4;1-1227
157006744;3;1-1228
157006744;4;1-1228
157006944;3;1-1229
157006944;4;1-1229
157007144;3;1-1230
157007144;4;1-1230
157007344;3;1-1231
157007344;4;1-1231
157007544;3;1-1232
157007544;4;1-1232
157007744;3;1-1233
157007744;4;1-1233
157007945;3;1-1234
157007945;4;1-1234
157008145;3;1-1235
157008145;4;1-1235
157008345;3;1-1236
157008345;4;1-1236
157008545;3;1-1237
157008545;4;1-1237
157008745;3;1-1238
157008745;4;1-1238
157008945;3;1-1239
157008945;4;1-1239
157009145;3;1-1240
157009145;4;1-1240
157009345;3;1-1241
157009345;4;1-1241
157009545;3;1-1242
157009545;4;1-1242
157009745;3;1-1243
157009745;4;1-1243
157009945;3;1-1244
157009946;4;1-1244
157010146;3;1-1245
157010146;4;1-1245
157010346;3;1-1246
157010346;4;1-1246
157010546;3;1-1247
157010546;4;1-1247
157010746;3;1-1248
157010746;4;1-1248
157010946;3;1-1249
157010946;4;1-1249
157011146;3;1-1250
157011146;4;1-1250
157011346;3;1-1251
157011346;4;1-1251
157011546;3;1-1252
157011546;4;1-1252
157011746;3;1-1253
157011746;4;1-1253
157011947;3;1-1254
157011947;4;1-1254
157012147;3;1-1255
157012147;4;1-1255
157012347;3;1-1256
157012347;4;1-1256
157012547;3;1-1257
157012547;4;1-1257
157012747;3;1-1258
157012747;4;1-1258
157012947;3;1-1259
157012947;4;1-1259
157013147;3;1-1260
157013147;4;1-1260
157013347;3;1-1261
157013347;4;1-1261
157013547;3;1-1262
157013547;4;1-1262
157013747;3;1-1263
157013747;4;1-1263
157013947;3;1-1264
157013947;4;1-1264
157014148;3;1-1265
157014148;4;1-1265
157014348;3;1-1266
157014348;4;1-1266
157014548;3;1-1267
157014548;4;1-1267
157014748;3;1-1268
157014748;4;1-1268
157014948;3;1-1269
157014948;4;1-1269
157015148;3;1-1270
157015148;4;1-1270
157015348;3;1-1271
157015348;4;1-1271
157015548;3;1-1272
157015548;4;1-1272
157015748;3;1-1273
157015748;4;1-1273
157015948;3;1-1274
157015948;4;1-1274
157016149;3;1-1275
157016149;4;1-1275
157016349;3;1-1276
157016349;4;1-1276
157016549;3;1-1277
157016549;4;1-1277
157016749;3;1-1278
157016749;4;1-1278
157016949;3;1-1279
157016949;4;1-1279
157017149;3;1-1280
157017149;4;1-1280
157017349;3;1-1281
157017349;4;1-1281
157017549;3;1-1282
157017549;4;1-1282
157017749;3;1-1283
157017749;4;1-1283
157017949;3;1-1284
157017949;4;1-1284
157018149;3;1-1285
157018150;4;1-1285
157018350;3;1-1286
157018350;4;1-1286
157018550;3;1-1287
157018550;4;1-1287
157018750;3;1-1288
157018750;4;1-1288
157018950;3;1-1289
157018950;4;1-1289
157019150;3;1-1290
157019150;4;1-1290
157019350;3;1-1291
157019350;4;1-1291
157019550;3;1-1292
157019550;4;1-1292
157019750;3;1-1293
157019750;4;1-1293
157019950;3;1-1294
157019950;4;1-1294
157020151;3;1-1295
157020151;4;1-1295
157020351;3;1-1296
157020351;4;1-1296
157020551;3;1-1297
157020551;4;1-1297
157020751;3;1-1298
157020751;4;1-1298
157020951;3;1-1299
157020951;4;1-1299
157021151;3;1-1300
157021151;4;1-1300
157021351;3;1-1301
157021351;4;1-1301
157021551;3;1-1302
157021551;4;1-1302
157021751;3;1-1303
157021751;4;1-1303
157021951;3;1-1304
157021951;4;1-1304
157022152;3;1-1305
157022152;4;1-1305
157022352;3;1-1306
157022352;4;1-1306
157022552;3;1-1307
157022552;4;1-1307
157022752;3;1-1308
157022752;4;1-1308
157022952;3;1-1309
157022952;4;1-1309
157023152;3;1-1310
157023152;4;1-1310
157023352;3;1-1311
157023352;4;1-1311
157023552;3;1-1312
157023552;4;1-1312
157023752;3;1-1313
157023752;4;1-1313
157023952;3;1-1314
157023953;4;1-1314
157024153;3;1-1315
157024153;4;1-1315
157024353;3;1-1316
157024353;4;1-1316
157024553;3;1-1317
157024553;4;1-1317
157024753;3;1-1318
157024753;4;1-1318
157024953;3;1-1319
157024953;4;1-1319
157025153;3;1-1320
157025153;4;1-1320
157025353;3;1-1321
157025353;4;1-1321
157025553;3;1-1322
157025553;4;1-1322
157025753;3;1-1323
157025753;4;1-1323
157025953;3;1-1324
157025953;4;1-1324
157026154;3;1-1325
157026154;4;1-1325
157026354;3;1-1326
157026354;4;1-1326
157026554;3;1-1327
157026554;4;1-1327
157026754;3;1-1328
157026754;4;1-1328
157026954;3;1-1329
157026954;4;1-1329
157027154;3;1-1330
157027154;4;1-1330
157027354;3;1-1331
157027354;4;1-1331
157027554;3;1-1332
157027554;4;1-1332
157027754;3;1-1333
157027754;4;1-1333
157027954;3;1-1334
157027954;4;1-1334
157028155;3;1-1335
157028155;4;1-1335
157028355;3;1-1336
157028355;4;1-1336
157028555;3;1-1337
157028555;4;1-1337
157028755;3;1-1338
157028755;4;1-1338
157028955;3;1-1339
157028955;4;1-1339
157029155;3;1-1340
157029155;4;1-1340
157029355;3;1-1341
157029355;4;1-1341
157029555;3;1-1342
157029555;4;1-1342
157029755;3;1-1343
157029755;4;1-1343
157029955;3;1-1344
157029955;4;1-1344
157030155;3;1-1345
157030155;4;1-1345
157030355;3;1-1346
157030356;4;1-1346
157030556;3;1-1347
157030556;4;1-1347
157030756;3;1-1348
157030756;4;1-1348
157030956;3;1-1349
157030956;4;1-1349
157031156;3;1-1350
157031156;4;1-1350
157031356;3;1-1351
157031356;4;1-1351
157031556;3;1-1352
157031556;4;1-1352
157031756;3;1-1353
157031756;4;1-1353
157031956;3;1-1354
157031956;4;1-1354
157032156;3;1-1355
157032156;4;1-1355
157032356;3;1-1356
157032356;4;1-1356
157032557;3;1-1357
157032557;4;1-1357
157032757;3;1-1358
157032757;4;1-1358
157032957;3;1-1359
157032957;4;1-1359
157033157;3;1-1360
157033157;4;1-1360
157033357;3;1-1361
157033357;4;1-1361
157033557;3;1-1362
157033557;4;1-1362
157033757;3;1-1363
157033757;4;1-1363
157033957;3;1-1364
157033957;4;1-1364
157034157;3;1-1365
157034157;4;1-1365
157034357;3;1-1366
157034358;4;1-1366
157034558;3;1-1367
157034558;4;1-1367
157034758;3;1-1368
157034758;4;1-1368
157034958;3;1-1369
157034958;4;1-1369
157035158;3;1-1370
157035158;4;1-1370
157035358;3;1-1371
157035358;4;1-1371
157035558;3;1-1372
157035558;4;1-1372
157035758;3;1-1373
157035758;4;1-1373
157035958;3;1-1374
157035958;4;1-1374
157036158;3;1-1375
157036158;4;1-1375
157036358;3;1-1376
157036358;4;1-1376
157036559;3;1-1377
157036559;4;1-1377
157036759;3;1-1378
157036759;4;1-1378
157036959;3;1-1379
157036959;4;1-1379
157037159;3;1-1380
157037159;4;1-1380
157037359;3;1-1381
157037359;4;1-1381
157037559;3;1-1382
157037559;4;1-1382
157037759;3;1-1383
157037759;4;1-1383
157037959;3;1-1384
157037959;4;1-1384
157038159;3;1-1385
157038159;4;1-1385
157038359;3;1-1386
157038359;4;1-1386
157038559;3;1-1387
157038559;4;1-1387
157038760;3;1-1388
157038760;4;1-1388
157038960;3;1-1389
157038960;4;1-1389
157039160;3;1-1390
157039160;4;1-1390
157039360;3;1-1391
157039360;4;1-1391
157039560;3;1-1392
157039560;4;1-1392
157039760;3;1-1393
157039760;4;1-1393
157039960;3;1-1394
157039960;4;1-1394
157040160;3;1-1395
157040160;4;1-1395
157040360;3;1-1396
157040360;4;1-1396
157040561;3;1-1397
157040561;4;1-1397
157040761;3;1-1398
157040761;4;1-1398
157040961;3;1-1399
157040961;4;1-1399
157041161;3;1-1400
157041161;4;1-1400
157041361;3;1-1401
157041361;4;1-1401
157041561;3;1-1402
157041561;4;1-1402
157041761;3;1-1403
157041761;4;1-1403
157041961;3;1-1404
157041961;4;1-1404
157042161;3;1-1405
157042161;4;1-1405
157042361;3;1-1406
157042361;4;1-1406
157042562;3;1-1407
157042562;4;1-1407
157042762;3;1-1408
157042762;4;1-1408
157042962;3;1-1409
157042962;4;1-1409
157043162;3;1-1410
157043162;4;1-1410
157043362;3;1-1411
157043362;4;1-1411
157043562;3;1-1412
157043562;4;1-1412
157043762;3;1-1413
157043762;4;1-1413
157043962;3;1-1414
157043962;4;1-1414
157044162;3;1-1415
157044162;4;1-1415
157044362;3;1-1416
157044362;4;1-1416
157044562;3;1-1417
157044563;4;1-1417
157044763;3;1-1418
157044763;4;1-1418
157044963;3;1-1419
157044963;4;1-1419
157045163;3;1-1420
157045163;4;1-1420
157045363;3;1-1421
157045363;4;1-1421
157045563;3;1-1422
157045563;4;1-1422
157045763;3;1-1423
157045763;4;1-1423
157045963;3;1-1424
157045963;4;1-1424
157046163;3;1-1425
157046163;4;1-1425
157046363;3;1-1426
157046363;4;1-1426
157046564;3;1-1427
157046564;4;1-1427
157046764;3;1-1428
157046764;4;1-1428
157046964;3;1-1429
157046964;4;1-1429
157047164;3;1-1430
157047164;4;1-1430
157047364;3;1-1431
157047364;4;1-1431
157047564;3;1-1432
157047564;4;1-1432
157047764;3;1-1433
157047764;4;1-1433
157047964;3;1-1434
157047964;4;1-1434
157048164;3;1-1435
157048164;4;1-1435
157048364;3;1-1436
157048364;4;1-1436
157048564;3;1-1437
157048564;4;1-1437
157048765;3;1-1438
157048765;4;1-1438
157048965;3;1-1439
157048965;4;1-1439
157049165;3;1-1440
157049165;4;1-1440
157049365;3;1-1441
157049365;4;1-1441
157049565;3;1-1442
157049565;4;1-1442
157049765;3;1-1443
157049765;4;1-1443
157049965;3;1-1444
157049965;4;1-1444
157050165;3;1-1445
157050165;4;1-1445
157050365;3;1-1446
157050365;4;1-1446
157050565;3;1-1447
157050565;4;1-1447
157050765;3;1-1448
157050766;4;1-1448
157050966;3;1-1449
157050966;4;1-1449
157051166;3;1-1450
157051166;4;1-1450
157051366;3;1-1451
157051366;4;1-1451
157051566;3;1-1452
157051566;4;1-1452
157051766;3;1-1453
157051766;4;1-1453
157051966;3;1-1454
157051966;4;1-1454
157052166;3;1-1455
157052166;4;1-1455
157052366;3;1-1456
157052366;4;1-1456
157052566;3;1-1457
157052566;4;1-1457
157052766;3;1-1458
157052766;4;1-1458
157052966;3;1-1459
157052966;4;1-1459
157053167;3;1-1460
157053167;4;1-1460
157053367;3;1-1461
157053367;4;1-1461
157053567;3;1-1462
157053567;4;1-1462
157053767;3;1-1463
157053767;4;1-1463
157053967;3;1-1464
157053967;4;1-1464
157054167;3;1-1465
157054167;4;1-1465
157054367;3;1-1466
157054367;4;1-1466
157054567;3;1-1467
157054567;4;1-1467
157054767;3;1-1468
157054767;4;1-1468
157054967;3;1-1469
157054968;4;1-1469
157055168;3;1-1470
157055168;4;1-1470
157055368;3;1-1471
157055368;4;1-1471
157055568;3;1-1472
157055568;4;1-1472
157055768;3;1-1473
157055768;4;1-1473
157055968;3;1-1474
157055968;4;1-1474
157056168;3;1-1475
157056168;4;1-1475
157056368;3;1-1476
157056368;4;1-1476
157056568;3;1-1477
157056568;4;1-1477
157056768;3;1-1478
157056768;4;1-1478
157056968;3;1-1479
157056969;4;1-1479
157057169;3;1-1480
157057169;4;1-1480
157057369;3;1-1481
157057369;4;1-1481
157057569;3;1-1482
157057569;4;1-1482
157057769;3;1-1483
157057769;4;1-1483
157057969;3;1-1484
157057969;4;1-1484
157058169;3;1-1485
157058169;4;1-1485
157058369;3;1-1486
157058369;4;1-1486
157058569;3;1-1487
157058569;4;1-1487
157058769;3;1-1488
157058769;4;1-1488
157058970;3;1-1489
157058970;4;1-1489
157059170;3;1-1490
157059170;4;1-1490
157059370;3;1-1491
157059370;4;1-1491
157059570;3;1-1492
157059570;4;1-1492
157059770;3;1-1493
157059770;4;1-1493
157059970;3;1-1494
157059970;4;1-1494
157060170;3;1-1495
157060170;4;1-1495
157060370;3;1-1496
157060370;4;1-1496
157060570;3;1-1497
157060570;4;1-1497
157060770;3;1-1498
157060770;4;1-1498
157060971;3;1-1499
157060971;4;1-1499
157061171;3;1-1500
157061171;4;1-1500
157061371;3;1-1501
157061371;4;1-1501
157061571;3;1-1502
157061571;4;1-1502
157061771;3;1-1503
157061771;4;1-1503
157061971;3;1-1504
157061971;4;1-1504
157062171;3;1-1505
157062171;4;1-1505
157062371;3;1-1506
157062371;4;1-1506
157062571;3;1-1507
157062571;4;1-1507
157062771;3;1-1508
157062771;4;1-1508
157062972;3;1-1509
157062972;4;1-1509
157063172;3;1-1510
157063172;4;1-1510
157063372;3;1-1511
157063372;4;1-1511
157063572;3;1-1512
157063572;4;1-1512
157063772;3;1-1513
157063772;4;1-1513
157063972;3;1-1514
157063972;4;1-1514
157064172;3;1-1515
157064172;4;1-1515
157064372;3;1-1516
157064372;4;1-1516
157064572;3;1-1517
157064572;4;1-1517
157064772;3;1-1518
157064772;4;1-1518
157064972;3;1-1519
157064973;4;1-1519
157065173;3;1-1520
157065173;4;1-1520
157065373;3;1-1521
157065373;4;1-1521
157065573;3;1-1522
157065573;4;1-1522
157065773;3;1-1523
157065773;4;1-1523
157065973;3;1-1524
157065973;4;1-1524
157066173;3;1-1525
157066173;4;1-1525
157066373;3;1-1526
157066373;4;1-1526
157066573;3;1-1527
157066573;4;1-1527
157066773;3;1-1528
157066773;4;1-1528
157066973;3;1-1529
157066974;4;1-1529
157067174;3;1-1530
157067174;4;1-1530
157067374;3;1-1531
157067374;4;1-1531
157067574;3;1-1532
157067574;4;1-1532
157067774;3;1-1533
157067774;4;1-1533
157067974;3;1-1534
157067974;4;1-1534
157068174;3;1-1535
157068174;4;1-1535
157068374;3;1-1536
157068374;4;1-1536
157068574;3;1-1537
157068574;4;1-1537
157068774;3;1-1538
157068774;4;1-1538
157068974;3;1-1539
157068975;4;1-1539
157069175;3;1-1540
157069175;4;1-1540
157069375;3;1-1541
157069375;4;1-1541
157069575;3;1-1542
157069575;4;1-1542
157069775;3;1-1543
157069775;4;1-1543
157069975;3;1-1544
157069975;4;1-1544
157070175;3;1-1545
157070175;4;1-1545
157070375;3;1-1546
157070375;4;1-1546
157070575;3;1-1547
157070575;4;1-1547
157070775;3;1-1548
157070775;4;1-1548
157070975;3;1-1549
157070975;4;1-1549
157071175;3;1-1550
157071176;4;1-1550
157071376;3;1-1551
157071376;4;1-1551
157071576;3;1-1552
157071576;4;1-1552
157071776;3;1-1553
157071776;4;1-1553
157071976;3;1-1554
157071976;4;1-1554
157072176;3;1-1555
157072176;4;1-1555
157072376;3;1-1556
157072376;4;1-1556
157072576;3;1-1557
157072576;4;1-1557
157072776;3;1-1558
157072776;4;1-1558
157072976;3;1-1559
157072976;4;1-1559
157073177;3;1-1560
157073177;4;1-1560
157073377;3;1-1561
157073377;4;1-1561
157073577;3;1-1562
157073577;4;1-1562
157073777;3;1-1563
157073777;4;1-1563
157073977;3;1-1564
157073977;4;1-1564
157074177;3;1-1565
157074177;4;1-1565
157074377;3;1-1566
157074377;4;1-1566
157074577;3;1-1567
157074577;4;1-1567
157074777;3;1-1568
157074777;4;1-1568
157074977;3;1-1569
157074977;4;1-1569
157075177;3;1-1570
157075178;4;1-1570
157075378;3;1-1571
157075378;4;1-1571
157075578;3;1-1572
157075578;4;1-1572
157075778;3;1-1573
157075778;4;1-1573
157075978;3;1-1574
157075978;4;1-1574
157076178;3;1-1575
157076178;4;1-1575
157076378;3;1-1576
157076378;4;1-1576
157076578;3;1-1577
157076578;4;1-1577
157076778;3;1-1578
157076778;4;1-1578
157076978;3;1-1579
157076978;4;1-1579
157077178;3;1-1580
157077179;4;1-1580
157077379;3;1-1581
157077379;4;1-1581
157077579;3;1-1582
157077579;4;1-1582
157077779;3;1-1583
157077779;4;1-1583
157077979;3;1-1584
157077979;4;1-1584
157078179;3;1-1585
157078179;4;1-1585
157078379;3;1-1586
157078379;4;1-1586
157078579;3;1-1587
157078579;4;1-1587
157078779;3;1-1588
157078779;4;1-1588
157078979;3;1-1589
157078979;4;1-1589
157079179;3;1-1590
157079180;4;1-1590
157079380;3;1-1591
157079380;4;1-1591
157079580;3;1-1592
157079580;4;1-1592
157079780;3;1-1593
157079780;4;1-1593
157079980;3;1-1594
157079980;4;1-1594
157080180;3;1-1595
157080180;4;1-1595
157080380;3;1-1596
157080380;4;1-1596
157080580;3;1-1597
157080580;4;1-1597
157080780;3;1-1598
157080780;4;1-1598
157080980;3;1-1599
157080980;4;1-1599
157081181;3;1-1600
157081181;4;1-1600
157081381;3;1-1601
157081381;4;1-1601
157081581;3;1-1602
157081581;4;1-1602
157081781;3;1-1603
157081781;4;1-1603
157081981;3;1-1604
157081981;4;1-1604
157082181;3;1-1605
157082181;4;1-1605
157082381;3;1-1606
157082381;4;1-1606
157082581;3;1-1607
157082581;4;1-1607
157082781;3;1-1608
157082781;4;1-1608
157082981;3;1-1609
157082981;4;1-1609
157083182;3;1-1610
157083182;4;1-1610
157083382;3;1-1611
157083382;4;1-1611
157083582;3;1-1612
157083582;4;1-1612
157083782;3;1-1613
157083782;4;1-1613
157083982;3;1-1614
157083982;4;1-1614
157084182;3;1-1615
157084182;4;1-1615
157084382;3;1-1616
157084382;4;1-1616
157084582;3;1-1617
157084582;4;1-1617
157084782;3;1-1618
157084782;4;1-1618
157084982;3;1-1619
157084982;4;1-1619
157085182;3;1-1620
157085182;4;1-1620
157085383;3;1-1621
157085383;4;1-1621
157085583;3;1-1622
157085583;4;1-1622
157085783;3;1-1623
157085783;4;1-1623
157085983;3;1-1624
157085983;4;1-1624
157086183;3;1-1625
157086183;4;1-1625
157086383;3;1-1626
157086383;4;1-1626
157086583;3;1-1627
157086583;4;1-1627
157086783;3;1-1628
157086783;4;1-1628
157086983;3;1-1629
157086984;4;1-1629
157087184;3;1-1630
157087184;4;1-1630
157087384;3;1-1631
157087384;4;1-1631
157087584;3;1-1632
157087584;4;1-1632
157087784;3;1-1633
157087784;4;1-1633
157087984;3;1-1634
157087984;4;1-1634
157088184;3;1-1635
157088184;4;1-1635
157088384;3;1-1636
157088384;4;1-1636
157088584;3;1-1637
157088584;4;1-1637
157088784;3;1-1638
157088785;4;1-1638
157088985;3;1-1639
157088985;4;1-1639
157089185;3;1-1640
157089185;4;1-1640
157089385;3;1-1641
157089385;4;1-1641
157089585;3;1-1642
157089585;4;1-1642
157089785;3;1-1643
157089785;4;1-1643
157089985;3;1-1644
157089985;4;1-1644
157090185;3;1-1645
157090185;4;1-1645
157090385;3;1-1646
157090385;4;1-1646
157090585;3;1-1647
157090586;4;1-1647
157090786;3;1-1648
157090786;4;1-1648
157090986;3;1-1649
157090986;4;1-1649
157091186;3;1-1650
157091186;4;1-1650
157091386;3;1-1651
157091386;4;1-1651
157091586;3;1-1652
157091586;4;1-1652
157091786;3;1-1653
157091786;4;1-1653
157091986;3;1-1654
157091986;4;1-1654
157092186;3;1-1655
157092186;4;1-1655
157092386;3;1-1656
157092386;4;1-1656
157092586;3;1-1657
157092586;4;1-1657
157092787;3;1-1658
157092787;4;1-1658
157092987;3;1-1659
157092987;4;1-1659
157093187;3;1-1660
157093187;4;1-1660
157093387;3;1-1661
157093387;4;1-1661
157093587;3;1-1662
157093587;4;1-1662
157093787;3;1-1663
157093787;4;1-1663
157093987;3;1-1664
157093987;4;1-1664
157094187;3;1-1665
157094187;4;1-1665
157094387;3;1-1666
157094387;4;1-1666
157094587;3;1-1667
157094588;4;1-1667
157094788;3;1-1668
157094788;4;1-1668
157094988;3;1-1669
157094988;4;1-1669
157095188;3;1-1670
157095188;4;1-1670
157095388;3;1-1671
157095388;4;1-1671
157095588;3;1-1672
157095588;4;1-1672
157095788;3;1-1673
157095788;4;1-1673
157095988;3;1-1674
157095988;4;1-1674
157096188;3;1-1675
157096188;4;1-1675
157096388;3;1-1676
157096389;4;1-1676
157096589;3;1-1677
157096589;4;1-1677
157096789;3;1-1678
157096789;4;1-1678
157096989;3;1-1679
157096989;4;1-1679
157097189;3;1-1680
157097189;4;1-1680
157097389;3;1-1681
157097389;4;1-1681
157097589;3;1-1682
157097589;4;1-1682
157097789;3;1-1683
157097789;4;1-1683
157097989;3;1-1684
157097989;4;1-1684
157098189;3;1-1685
157098189;4;1-1685
157098389;3;1-1686
157098389;4;1-1686
157098590;3;1-1687
157098590;4;1-1687
157098790;3;1-1688
157098790;4;1-1688
157098990;3;1-1689
157098990;4;1-1689
157099190;3;1-1690
157099190;4;1-1690
157099390;3;1-1691
157099390;4;1-1691
157099590;3;1-1692
157099590;4;1-1692
157099790;3;1-1693
157099790;4;1-1693
157099990;3;1-1694
157099990;4;1-1694
157100190;3;1-1695
157100190;4;1-1695
157100390;3;1-1696
157100390;4;1-1696
157100590;3;1-1697
157100591;4;1-1697
157100791;3;1-1698
157100791;4;1-1698
157100991;3;1-1699
157100991;4;1-1699
157101191;3;1-1700
157101191;4;1-1700
157101391;3;1-1701
157101391;4;1-1701
157101591;3;1-1702
157101591;4;1-1702
157101791;3;1-1703
157101791;4;1-1703
157101991;3;1-1704
157101991;4;1-1704
157102191;3;1-1705
157102191;4;1-1705
157102391;3;1-1706
157102391;4;1-1706
157102591;3;1-1707
157102592;4;1-1707
157102792;3;1-1708
157102792;4;1-1708
157102992;3;1-1709
157102992;4;1-1709
157103192;3;1-1710
157103192;4;1-1710
157103392;3;1-1711
157103392;4;1-1711
157103592;3;1-1712
157103592;4;1-1712
157103792;3;1-1713
157103792;4;1-1713
157103992;3;1-1714
157103992;4;1-1714
157104192;3;1-1715
157104192;4;1-1715
157104392;3;1-1716
157104392;4;1-1716
157104592;3;1-1717
157104593;4;1-1717
157104793;3;1-1718
157104793;4;1-1718
157104993;3;1-1719
157104993;4;1-1719
157105193;3;1-1720
157105193;4;1-1720
157105393;3;1-1721
157105393;4;1-1721
157105593;3;1-1722
157105593;4;1-1722
157105793;3;1-1723
157105793;4;1-1723
157105993;3;1-1724
157105993;4;1-1724
157106193;3;1-1725
157106193;4;1-1725
157106393;3;1-1726
157106393;4;1-1726
157106593;3;1-1727
157106593;4;1-1727
157106794;3;1-1728
157106794;4;1-1728
157106994;3;1-1729
157106994;4;1-1729
157107194;3;1-1730
157107194;4;1-1730
157107394;3;1-1731
157107394;4;1-1731
157107594;3;1-1732
157107594;4;1-1732
157107794;3;1-1733
157107794;4;1-1733
157107994;3;1-1734
157107994;4;1-1734
157108194;3;1-1735
157108194;4;1-1735
157108394;3;1-1736
157108394;4;1-1736
157108594;3;1-1737
157108594;4;1-1737
157108795;3;1-1738
157108795;4;1-1738
157108995;3;1-1739
157108995;4;1-1739
157109195;3;1-1740
157109195;4;1-1740
157109395;3;1-1741
157109395;4;1-1741
157109595;3;1-1742
157109595;4;1-1742
157109795;3;1-1743
157109795;4;1-1743
157109995;3;1-1744
157109995;4;1-1744
157110195;3;1-1745
157110195;4;1-1745
157110395;3;1-1746
157110395;4;1-1746
157110595;3;1-1747
157110595;4;1-1747
157110795;3;1-1748
157110796;4;1-1748
157110996;3;1-1749
157110996;4;1-1749
157111196;3;1-1750
157111196;4;1-1750
157111396;3;1-1751
157111396;4;1-1751
157111596;3;1-1752
157111596;4;1-1752
157111796;3;1-1753
157111796;4;1-1753
157111996;3;1-1754
157111996;4;1-1754
157112196;3;1-1755
157112196;4;1-1755
157112396;3;1-1756
157112396;4;1-1756
157112596;3;1-1757
157112596;4;1-1757
157112796;3;1-1758
157112796;4;1-1758
157112996;3;1-1759
157112996;4;1-1759
157113197;3;1-1760
157113197;4;1-1760
157113397;3;1-1761
157113397;4;1-1761
157113597;3;1-1762
157113597;4;1-1762
157113797;3;1-1763
157113797;4;1-1763
157113997;3;1-1764
157113997;4;1-1764
157114197;3;1-1765
157114197;4;1-1765
157114397;3;1-1766
157114397;4;1-1766
157114597;3;1-1767
157114597;4;1-1767
157114797;3;1-1768
157114797;4;1-1768
157114997;3;1-1769
157114997;4;1-1769
157115198;3;1-1770
157115198;4;1-1770
157115398;3;1-1771
157115398;4;1-1771
157115598;3;1-1772
157115598;4;1-1772
157115798;3;1-1773
157115798;4;1-1773
157115998;3;1-1774
157115998;4;1-1774
157116198;3;1-1775
157116198;4;1-1775
157116398;3;1-1776
157116398;4;1-1776
157116598;3;1-1777
157116598;4;1-1777
157116798;3;1-1778
157116798;4;1-1778
157116998;3;1-1779
157116998;4;1-1779
157117198;3;1-1780
157117198;4;1-1780
157117399;3;1-1781
157117399;4;1-1781
157117599;3;1-1782
157117599;4;1-1782
157117799;3;1-1783
157117799;4;1-1783
157117999;3;1-1784
157117999;4;1-1784
157118199;3;1-1785
157118199;4;1-1785
157118399;3;1-1786
157118399;4;1-1786
157118599;3;1-1787
157118599;4;1-1787
157118799;3;1-1788
157118799;4;1-1788
157118999;3;1-1789
157118999;4;1-1789
157119199;3;1-1790
157119200;4;1-1790
157119400;3;1-1791
157119400;4;1-1791
157119600;3;1-1792
157119600;4;1-1792
157119800;3;1-1793
157119800;4;1-1793
157120000;3;1-1794
157120000;4;1-1794
157120200;3;1-1795
157120200;4;1-1795
157120400;3;1-1796
157120400;4;1-1796
157120600;3;1-1797
157120600;4;1-1797
157120800;3;1-1798
157120800;4;1-1798
157121000;3;1-1799
157121000;4;1-1799
157121200;3;1-1800
157121200;4;1-1800
157121401;3;1-1801
