1883304722;137
1883305723;97
1883306723;96
1883307723;96
1883308723;96
1883309724;91
1883310724;95
1883311724;95
1883312725;95
1883313725;95
1883314725;254
1883314725;254
1883314725;254
1883314726;254
1883314725;258
1883315726;253
1883315725;258
1883315726;258
1883315726;258
1883315725;258
1883316726;253
1883316726;257
1883316726;258
1883316726;258
1883316726;257
1883317726;253
1883317726;253
1883317726;257
1883317726;257
1883317726;257
1883318726;253
1883318726;257
1883318726;257
1883318726;257
1883318727;257
1883319727;252
1883319727;253
1883319726;257
1883319726;257
1883319727;257
1883320727;257
1883320727;256
1883320727;257
1883320727;256
1883320727;260
1883321727;256
1883321727;256
1883321727;256
1883321727;256
1883321727;256
1883322727;256
1883322727;256
1883322728;256
1883322727;256
1883322727;256
1883323728;256
1883323727;256
1883323727;256
1883323728;255
1883323728;260
1883324729;459
1883324728;460
1883324728;459
1883324729;459
1883324728;459
1883324728;459
1883324728;459
1883324728;459
1883324734;453
1883324728;463
1883325734;453
1883325729;458
1883325729;459
1883325728;459
1883325734;453
1883325728;459
1883325728;463
1883325728;463
1883325728;463
1883325728;463
1883326729;417
1883326730;417
1883326728;460
1883326728;459
1883326728;459
1883326728;460
1883326728;460
1883326728;459
1883326728;459
1883326728;460
1883327728;459
1883327728;459
1883327728;459
1883327729;459
1883327728;459
1883327729;459
1883327728;459
1883327728;459
1883327728;459
1883327728;459
1883328729;458
1883328729;458
1883328730;457
1883328729;458
1883328729;458
1883328734;457
1883328729;463
1883328729;462
1883328729;462
1883328729;463
1883329729;458
1883329729;458
1883329729;458
1883329733;455
1883329730;458
1883329733;454
1883329729;462
1883329729;462
1883329729;462
1883329729;462
1883330729;462
1883330735;456
1883330730;462
1883330729;462
1883330730;462
1883330730;462
1883330735;456
1883330729;462
1883330729;462
1883330730;461
1883331730;462
1883331729;462
1883331730;461
1883331731;461
1883331730;461
1883331735;456
1883331730;462
1883331730;461
1883331729;462
1883331730;461
1883332730;461
1883332731;461
1883332735;456
1883332732;459
1883332730;462
1883332730;461
1883332735;456
1883332730;462
1883332730;461
1883332730;461
1883333730;461
1883333731;460
1883333730;461
1883333732;459
1883333730;461
1883333730;461
1883333735;456
1883333730;461
1883333737;454
1883333730;461
1883334731;661
1883334736;659
1883334731;665
1883334732;663
1883334736;660
1883334730;665
1883334736;659
1883334736;659
1883334736;659
1883334736;659
1883334731;665
1883334730;665
1883334731;665
1883334740;656
1883334736;659
1883335732;621
1883335730;665
1883335730;665
1883335730;665
1883335730;665
1883335730;665
1883335731;665
1883335730;665
1883335730;665
1883335730;665
1883335732;663
1883335730;665
1883335730;665
1883335732;663
1883335731;665
1883336731;664
1883336736;659
1883336731;664
1883336736;659
1883336736;659
1883336731;664
1883336733;663
1883336731;669
1883336731;668
1883336731;668
1883336731;669
1883336736;663
1883336736;663
1883336736;663
1883336736;663
1883337732;664
1883337732;664
1883337731;668
1883337737;662
1883337731;668
1883337737;662
1883337731;668
1883337737;662
1883337737;662
1883337731;668
1883337733;666
1883337737;662
1883337731;668
1883337737;662
1883337737;662
1883338732;664
1883338737;662
1883338731;668
1883338737;662
1883338731;668
1883338732;668
1883338732;667
1883338737;662
1883338733;666
1883338737;662
1883338732;667
1883338737;662
1883338737;662
1883338731;668
1883338734;666
1883339737;658
1883339733;662
1883339732;663
1883339732;664
1883339737;658
1883339738;658
1883339737;658
1883339737;658
1883339732;664
1883339732;663
1883339732;664
1883339737;659
1883339737;659
1883339732;664
1883339731;664
1883340732;664
1883340731;664
1883340731;664
1883340731;664
1883340731;664
1883340732;667
1883340732;668
1883340732;668
1883340733;666
1883340734;665
1883340734;665
1883340732;668
1883340732;667
1883340731;668
1883340731;668
1883341734;623
1883341731;664
1883341731;664
1883341732;668
1883341732;667
1883341732;668
1883341734;666
1883341732;668
1883341732;667
1883341732;668
1883341732;668
1883341734;666
1883341732;668
1883341734;666
1883341732;668
1883342733;667
1883342737;662
1883342732;667
1883342732;667
1883342732;667
1883342738;661
1883342738;662
1883342739;660
1883342737;662
1883342732;667
1883342735;664
1883342732;667
1883342733;666
1883342739;660
1883342733;667
1883343733;667
1883343737;662
1883343733;666
1883343733;667
1883343732;667
1883343735;664
1883343738;661
1883343733;666
1883343733;666
1883343751;649
1883343739;661
1883343732;667
1883343738;661
1883343733;667
1883343738;661
1883344738;865
1883344738;865
1883344738;866
1883344733;871
1883344738;865
1883344739;865
1883344738;865
1883344738;865
1883344733;871
1883344733;870
1883344738;865
1883344752;852
1883344735;868
1883344734;870
1883344733;870
1883344733;871
1883344733;871
1883344733;870
1883344761;842
1883344738;865
1883345733;418
1883345734;422
1883345733;422
1883345733;422
1883345733;422
1883345733;422
1883345733;422
1883345733;422
1883345752;786
1883345756;782
1883345741;838
1883345748;831
1883345744;835
1883345735;844
1883345741;838
1883345742;837
1883345748;831
1883345741;838
1883345748;831
1883345742;837
1883346733;602
1883346736;599
1883346742;594
1883346733;602
1883346733;602
1883346733;602
1883346734;602
1883346736;599
1883346734;601
1883346742;594
1883346734;601
1883346742;597
1883346742;597
1883346742;597
1883346742;597
1883346742;597
1883346742;597
1883346749;643
1883346757;637
1883346749;686
1883347739;688
1883347740;687
1883347739;688
1883347733;694
1883347734;694
1883347739;688
1883347739;688
1883347741;686
1883347734;693
1883347739;688
1883347733;694
1883347736;691
1883347740;688
1883347741;686
1883347734;694
1883347736;691
1883347741;686
1883347734;693
1883347734;693
1883347739;688
1883348737;691
1883348739;688
1883348739;688
1883348742;685
1883348739;688
1883348734;693
1883348739;688
1883348734;693
1883348739;688
1883348739;688
1883348739;688
1883348739;688
1883348739;688
1883348734;694
1883348734;693
1883348734;694
1883348734;693
1883348739;688
1883348739;688
1883348734;697
1883349734;697
1883349740;691
1883349737;695
1883349740;691
1883349752;680
1883349744;687
1883349734;697
1883349740;691
1883349740;691
1883349734;697
1883349740;691
1883349740;691
1883349735;697
1883349743;688
1883349740;691
1883349737;694
1883349734;697
1883349735;697
1883349740;691
1883349734;697
1883350737;690
1883350735;692
1883350740;687
1883350740;687
1883350740;687
1883350740;687
1883350740;687
1883350735;692
1883350735;693
1883350738;690
1883350740;687
1883350740;687
1883350740;687
1883350734;697
1883350734;697
1883350735;697
1883350743;688
1883350751;681
1883350743;689
1883350734;697
1883351740;687
1883351735;692
1883351735;692
1883351740;687
1883351740;687
1883351740;687
1883351740;687
1883351737;690
1883351735;692
1883351738;689
1883351740;687
1883351740;687
1883351752;680
1883351743;689
1883351735;697
1883351740;691
1883351735;696
1883351741;691
1883351735;696
1883351735;697
1883352735;696
1883352741;691
1883352741;691
1883352735;696
1883352744;687
1883352744;687
1883352735;696
1883352740;691
1883352741;690
1883352735;696
1883352744;687
1883352738;693
1883352735;696
1883352742;690
1883352740;691
1883352736;696
1883352740;691
1883352735;696
1883352740;691
1883352741;691
1883353741;694
1883353742;693
1883353742;693
1883353740;695
1883353738;697
1883353735;700
1883353741;695
1883353735;700
1883353735;700
1883353741;695
1883353736;699
1883353740;695
1883353741;695
1883353736;700
1883353736;699
1883353741;695
1883353736;700
1883353738;697
1883353741;695
1883353735;700
1883354741;846
1883354741;846
1883354741;846
1883354741;846
1883354736;851
1883354741;846
1883354736;851
1883354736;851
1883354736;851
1883354748;844
1883354743;848
1883354745;847
1883354744;847
1883354736;856
1883354741;850
1883354742;849
1883354743;848
1883354741;850
1883354741;850
1883354736;855
1883354752;840
1883354736;855
1883354746;846
1883354752;840
1883354735;856
1883355739;852
1883355737;855
1883355746;845
1883355747;844
1883355747;844
1883355736;855
1883355745;847
1883355753;839
1883355746;846
1883355736;855
1883355746;845
1883355746;845
1883355744;847
1883355745;846
1883355746;846
1883355740;852
1883355736;859
1883355772;823
1883355736;859
1883355736;859
1883355758;838
1883355753;842
1883355755;840
1883355736;859
1883355756;839
1883356747;844
1883356737;855
1883356737;854
1883356740;851
1883356736;855
1883356752;839
1883356752;840
1883356736;855
1883356745;846
1883356754;837
1883356739;852
1883356736;855
1883356737;855
1883356736;855
1883356751;840
1883356753;839
1883356745;846
1883356740;851
1883356745;847
1883356746;846
1883356747;845
1883356754;838
1883356745;847
1883356736;855
1883356755;837
1883357740;847
1883357737;850
1883357740;847
1883357737;850
1883357762;829
1883357756;836
1883357745;846
1883357737;854
1883357763;828
1883357747;844
1883357737;855
1883357737;854
1883357752;840
1883357776;815
1883357748;844
1883357745;846
1883357736;855
1883357737;855
1883357752;839
1883357736;855
1883357744;847
1883357745;846
1883357746;846
1883357744;847
1883357744;847
1883358737;850
1883358740;847
1883358737;850
1883358737;850
1883358744;843
1883358744;843
1883358744;843
1883358744;847
1883358753;839
1883358753;838
1883358753;839
1883358752;840
1883358745;846
1883358753;839
1883358753;838
1883358744;847
1883358754;838
1883358737;855
1883358737;855
1883358748;844
1883358744;847
1883358737;855
1883358752;839
1883358737;855
1883358752;840
1883359737;374
1883359737;374
1883359737;374
1883359741;370
1883359737;374
1883359737;374
1883359737;374
1883359740;371
1883359738;374
1883359738;374
1883359753;798
1883359761;790
1883359753;838
1883359753;838
1883359746;845
1883359745;846
1883359745;846
1883359748;843
1883359746;845
1883359746;845
1883359745;846
1883359746;846
1883359753;838
1883359745;846
1883359752;839
1883360738;811
1883360738;854
1883360756;836
1883360751;840
1883360748;843
1883360746;845
1883360745;846
1883360745;846
1883360746;845
1883360768;823
1883360748;843
1883360756;835
1883360745;847
1883360760;831
1883360756;836
1883360741;851
1883360746;845
1883360760;831
1883360738;853
1883360741;850
1883360737;858
1883360737;858
1883360738;858
1883360737;858
1883360737;858
1883361737;342
1883361738;345
1883361738;345
1883361738;345
1883361741;342
1883361738;345
1883361738;346
1883361738;349
1883361755;796
1883361773;778
1883361747;844
1883361745;846
1883361746;845
1883361741;850
1883361745;846
1883361746;846
1883361746;845
1883361747;845
1883361746;845
1883361745;846
1883361753;838
1883361745;847
1883361753;839
1883361746;846
1883361753;838
1883362762;829
1883362746;845
1883362738;853
1883362738;853
1883362742;850
1883362739;853
1883362752;839
1883362741;850
1883362738;853
1883362738;853
1883362738;854
1883362746;845
1883362738;854
1883362746;846
1883362747;845
1883362746;845
1883362747;844
1883362758;833
1883362754;837
1883362746;845
1883362748;843
1883362753;838
1883362738;853
1883362746;845
1883362746;845
1883363738;565
1883363738;565
1883363738;565
1883363747;561
1883363747;560
1883363738;569
1883363738;569
1883363746;561
1883363747;561
1883363747;560
1883363739;569
1883363745;562
1883363742;565
1883363742;566
1883363746;561
1883363739;569
1883363760;792
1883363765;787
1883363760;835
1883363752;843
1883363754;841
1883363753;842
1883363753;842
1883363753;842
1883363756;839
1883364738;621
1883364739;621
1883364747;656
1883364740;663
1883364747;657
1883364743;660
1883364738;665
1883364746;657
1883364743;660
1883364739;664
1883364747;656
1883364746;657
1883364746;657
1883364746;657
1883364748;659
1883364739;668
1883364746;661
1883364747;660
1883364739;668
1883364761;951
1883364768;945
1883364754;1001
1883364757;998
1883364759;996
1883364754;1001
1883364755;1001
1883364753;1002
1883364754;1001
1883364758;1001
1883364754;1005
1883365740;999
1883365738;1001
1883365738;1001
1883365740;1000
1883365739;1000
1883365740;1000
1883365739;1000
1883365738;1001
1883365739;1001
1883365738;1005
1883365738;1005
1883365748;995
1883365743;1001
1883365774;969
1883365742;1001
1883365742;1001
1883365742;1001
1883365740;1003
1883365740;1003
1883365738;1009
1883365738;1009
1883365743;1004
1883365742;1005
1883365740;1007
1883365740;1007
1883365742;1006
1883365740;1007
1883365740;1007
1883365738;1009
1883365742;1006
1883366738;958
1883366740;1000
1883366742;997
1883366747;992
1883366739;1001
1883366742;997
1883366768;972
1883366740;1000
1883366742;997
1883366738;1001
1883366742;998
1883366738;1001
1883366738;1001
1883366738;1001
1883366740;999
1883366738;1001
1883366739;1001
1883366744;996
1883366744;996
1883366740;999
1883366742;998
1883366740;999
1883366741;999
1883366740;1003
1883366747;996
1883366740;1003
1883366749;995
1883366743;1000
1883366743;1000
1883366738;1005
1883367739;272
1883367739;272
1883367739;272
1883367739;272
1883367739;276
1883367740;280
1883367762;944
1883367769;937
1883367756;991
1883367753;994
1883367753;994
1883367758;989
1883367746;1001
1883367749;998
1883367746;1001
1883367746;1001
1883367751;996
1883367756;991
1883367739;1008
1883367746;1001
1883367749;998
1883367747;1000
1883367746;1001
1883367746;1002
1883367747;1000
1883367756;991
1883367748;999
1883367756;991
1883367746;1001
1883367746;1001
1883368741;998
1883368741;999
1883368739;1000
1883368741;999
1883368740;999
1883368741;998
1883368741;998
1883368739;1000
1883368740;999
1883368739;1000
1883368757;986
1883368739;1004
1883368762;981
1883368739;1004
1883368739;1004
1883368741;1002
1883368742;1001
1883368747;996
1883368770;973
1883368739;1004
1883368747;996
1883368741;1002
1883368739;1004
1883368744;999
1883368762;981
1883368742;1001
1883368743;1001
1883368742;1001
1883368748;995
1883368745;998
1883369741;998
1883369743;997
1883369739;1000
1883369741;998
1883369740;999
1883369741;998
1883369741;999
1883369741;998
1883369744;995
1883369741;998
1883369741;998
1883369741;998
1883369741;998
1883369739;1000
1883369745;995
1883369740;999
1883369741;999
1883369740;999
1883369739;1000
1883369788;956
1883369739;1004
1883369746;997
1883369756;988
1883369745;998
1883369746;998
1883369739;1004
1883369739;1004
1883369756;988
1883369739;1005
1883369739;1005
1883370740;1003
1883370764;983
1883370739;1008
1883370747;1000
1883370740;1007
1883370753;994
1883370764;983
1883370739;1008
1883370741;1007
1883370756;991
1883370758;989
1883370740;1008
1883370761;986
1883370747;1000
1883370749;999
1883370749;998
1883370747;1001
1883370744;1003
1883370750;997
1883370749;998
1883370748;999
1883370744;1004
1883370750;997
1883370766;981
1883370747;1000
1883370747;1001
1883370766;981
1883370749;999
1883370740;1007
1883370739;1008
1883371739;1004
1883371744;999
1883371739;1004
1883371741;1002
1883371739;1004
1883371739;1004
1883371739;1004
1883371743;1000
1883371747;997
1883371753;990
1883371743;1000
1883371745;998
1883371743;1000
1883371740;1003
1883371740;1004
1883371743;1000
1883371739;1004
1883371741;1003
1883371739;1004
1883371745;998
1883371743;1000
1883371743;1000
1883371743;1000
1883371741;1002
1883371740;1004
1883371741;1002
1883371741;1002
1883371741;1002
1883371742;1002
1883371741;1002
1883372741;958
1883372741;998
1883372740;999
1883372740;1000
1883372741;998
1883372742;998
1883372742;998
1883372741;999
1883372740;1000
1883372740;999
1883372740;1000
1883372743;996
1883372740;1000
1883372742;998
1883372746;997
1883372739;1004
1883372739;1004
1883372755;988
1883372772;972
1883372772;972
1883372747;996
1883372741;1002
1883372739;1004
1883372739;1004
1883372743;1000
1883372747;996
1883372743;1000
1883372743;1000
1883372743;1000
1883372743;1000
1883373744;999
1883373743;1000
1883373740;1003
1883373740;1003
1883373742;1002
1883373742;1001
1883373741;1002
1883373744;999
1883373742;1002
1883373743;1000
1883373742;1001
1883373741;1002
1883373744;999
1883373741;1002
1883373741;1002
1883373742;1002
1883373740;1008
1883373745;1002
1883373740;1007
1883373740;1008
1883373744;1003
1883373745;1002
1883373740;1008
1883373740;1007
1883373744;1003
1883373747;1001
1883373740;1008
1883373740;1007
1883373744;1003
1883373745;1002
1883374745;1158
1883374742;1161
1883374744;1159
1883374740;1163
1883374745;1158
1883374740;1163
1883374742;1161
1883374742;1161
1883374744;1159
1883374742;1161
1883374742;1162
1883374742;1161
1883374744;1160
1883374742;1162
1883374780;1127
1883374744;1163
1883374744;1163
1883374745;1162
1883374742;1165
1883374744;1163
1883374744;1163
1883374743;1164
1883374742;1165
1883374740;1167
1883374740;1167
1883374740;1167
1883374780;1128
1883374744;1163
1883374740;1168
1883374742;1165
1883374742;1165
1883374742;1165
1883374740;1171
1883374740;1171
1883374740;-1
1883375740;-1
1883375740;-1
1883375740;-1
1883375741;-1
1883375742;-1
1883375740;-1
1883375742;-1
1883375742;-1
1883375744;-1
1883375742;-1
1883375743;-1
1883375744;-1
1883375742;-1
1883375746;-1
1883375746;-1
1883375748;-1
1883375748;-1
1883375748;-1
1883375741;-1
1883375750;-1
1883375746;-1
1883375748;-1
1883375746;-1
1883375750;-1
1883375743;-1
1883375750;-1
1883375752;-1
1883375745;-1
1883375746;-1
1883375752;-1
1883375760;-1
1883375760;-1
1883375760;-1
1883375757;-1
1883375765;-1
1883376756;-1
1883376756;-1
1883376756;-1
1883376759;-1
1883376759;-1
1883376760;-1
1883376760;-1
1883376760;-1
1883376756;-1
1883376759;-1
1883376759;-1
1883376760;-1
1883376760;-1
1883376760;-1
1883376760;-1
1883376759;-1
1883376759;-1
1883376759;-1
1883376763;-1
1883376760;-1
1883376763;-1
1883376759;-1
1883376762;-1
1883376763;-1
1883376764;-1
1883376763;-1
1883376764;-1
1883376756;-1
1883376756;-1
1883376764;-1
1883376766;-1
1883376766;-1
1883376767;-1
1883376767;-1
1883376773;-1
1883377751;-1
1883377751;-1
1883377755;-1
1883377755;-1
1883377756;-1
1883377755;-1
1883377756;-1
1883377755;-1
1883377757;-1
1883377760;-1
1883377760;-1
1883377760;-1
1883377760;-1
1883377760;-1
1883377762;-1
1883377764;-1
1883377763;-1
1883377764;-1
1883377761;-1
1883377763;-1
1883377764;-1
1883377768;-1
1883377768;-1
1883377763;-1
1883377764;-1
1883377760;-1
1883377772;-1
1883377776;-1
1883377776;-1
1883377776;-1
1883377780;-1
1883377776;-1
1883377780;-1
1883377772;-1
1883377783;-1
1883378756;-1
1883378756;-1
1883378757;-1
1883378756;-1
1883378756;-1
1883378758;-1
1883378756;-1
1883378759;-1
1883378760;-1
1883378758;-1
1883378755;-1
1883378760;-1
1883378759;-1
1883378760;-1
1883378764;-1
1883378758;-1
1883378764;-1
1883378764;-1
1883378765;-1
1883378761;-1
1883378766;-1
1883378764;-1
1883378768;-1
1883378766;-1
1883378768;-1
1883378767;-1
1883378768;-1
1883378768;-1
1883378769;-1
1883378768;-1
1883378768;-1
1883378768;-1
1883378772;-1
1883378763;-1
1883378772;-1
1883379753;-1
1883379756;-1
1883379753;-1
1883379756;-1
1883379756;-1
1883379756;-1
1883379753;-1
1883379757;-1
1883379756;-1
1883379756;-1
1883379758;-1
1883379756;-1
1883379761;-1
1883379763;-1
1883379764;-1
1883379761;-1
1883379764;-1
1883379763;-1
1883379764;-1
1883379763;-1
1883379766;-1
1883379766;-1
1883379768;-1
1883379766;-1
1883379757;-1
1883379756;-1
1883379766;-1
1883379757;-1
1883379771;-1
1883379768;-1
1883379773;-1
1883379773;-1
1883379774;-1
1883379773;-1
1883379781;-1
1883380753;-1
1883380753;-1
1883380753;-1
1883380757;-1
1883380758;-1
1883380758;-1
1883380761;-1
1883380758;-1
1883380761;-1
1883380758;-1
1883380763;-1
1883380764;-1
1883380763;-1
1883380763;-1
1883380764;-1
1883380766;-1
1883380764;-1
1883380766;-1
1883380753;-1
1883380768;-1
1883380768;-1
1883380770;-1
1883380770;-1
1883380772;-1
1883380772;-1
1883380773;-1
1883380772;-1
1883380773;-1
1883380773;-1
1883380772;-1
1883380773;-1
1883380772;-1
1883380777;-1
1883380777;-1
1883380776;-1
1883381763;-1
1883381763;-1
1883381763;-1
1883381768;-1
1883381768;-1
1883381771;-1
1883381777;-1
1883381771;-1
1883381776;-1
1883381776;-1
1883381780;-1
1883381780;-1
1883381777;-1
1883381781;-1
1883381780;-1
1883381780;-1
1883381784;-1
1883381784;-1
1883381783;-1
1883381780;-1
1883381784;-1
1883381784;-1
1883381787;-1
1883381784;-1
1883381787;-1
1883381784;-1
1883381784;-1
1883381787;-1
1883381788;-1
1883381787;-1
1883381783;-1
1883381792;-1
1883381787;-1
1883381800;-1
1883381800;-1
1883382762;-1
1883382762;-1
1883382767;-1
1883382766;-1
1883382774;-1
1883382774;-1
1883382775;-1
1883382774;-1
1883382774;-1
1883382775;-1
1883382777;-1
1883382773;-1
1883382774;-1
1883382773;-1
1883382775;-1
1883382777;-1
1883382774;-1
1883382773;-1
1883382775;-1
1883382780;-1
1883382777;-1
1883382774;-1
1883382773;-1
1883382780;-1
1883382774;-1
1883382755;-1
1883382773;-1
1883382775;-1
1883382783;-1
1883382780;-1
1883382774;-1
1883382783;-1
1883382783;-1
1883382784;-1
1883382792;-1
1883383773;-1
1883383774;-1
1883383773;-1
1883383776;-1
1883383776;-1
1883383773;-1
1883383776;-1
1883383776;-1
1883383774;-1
1883383778;-1
1883383779;-1
1883383779;-1
1883383779;-1
1883383779;-1
1883383779;-1
1883383779;-1
1883383783;-1
1883383783;-1
1883383776;-1
1883383784;-1
1883383784;-1
1883383783;-1
1883383783;-1
1883383785;-1
1883383785;-1
1883383784;-1
1883383785;-1
1883383785;-1
1883383784;-1
1883383783;-1
1883383784;-1
1883383784;-1
1883383784;-1
1883383783;-1
1883383792;-1
1883384772;-1
1883384772;-1
1883384772;-1
1883384772;-1
1883384778;-1
1883384780;-1
1883384778;-1
1883384780;-1
1883384781;-1
1883384783;-1
1883384783;-1
1883384784;-1
1883384784;-1
1883384785;-1
1883384783;-1
1883384783;-1
1883384784;-1
1883384785;-1
1883384785;-1
1883384784;-1
1883384784;-1
1883384784;-1
1883384784;-1
1883384788;-1
1883384784;-1
1883384790;-1
1883384790;-1
1883384789;-1
1883384788;-1
1883384793;-1
1883384778;-1
1883384793;-1
1883384789;-1
1883384788;-1
1883384789;-1
1883384792;-1
1883384789;-1
1883384797;-1
1883384796;-1
1883384800;-1
1883385768;-1
1883385768;-1
1883385768;-1
1883385768;-1
1883385771;-1
1883385771;-1
1883385771;-1
1883385773;-1
1883385775;-1
1883385772;-1
1883385777;-1
1883385778;-1
1883385768;-1
1883385777;-1
1883385778;-1
1883385777;-1
1883385780;-1
1883385777;-1
1883385780;-1
1883385781;-1
1883385781;-1
1883385781;-1
1883385780;-1
1883385781;-1
1883385781;-1
1883385780;-1
1883385780;-1
1883385782;-1
1883385780;-1
1883385780;-1
1883385788;-1
1883385785;-1
1883385788;-1
1883385790;-1
1883385788;-1
1883385789;-1
1883385790;-1
1883385781;-1
1883385790;-1
1883385793;-1
1883386764;-1
1883386764;-1
1883386768;-1
1883386768;-1
1883386764;-1
1883386772;-1
1883386771;-1
1883386772;-1
1883386775;-1
1883386771;-1
1883386767;-1
1883386772;-1
1883386776;-1
1883386773;-1
1883386776;-1
1883386775;-1
1883386779;-1
1883386767;-1
1883386776;-1
1883386780;-1
1883386764;-1
1883386773;-1
1883386776;-1
1883386785;-1
1883386786;-1
1883386785;-1
1883386767;-1
1883386786;-1
1883386788;-1
1883386785;-1
1883386786;-1
1883386788;-1
1883386785;-1
1883386786;-1
1883386788;-1
1883386785;-1
1883386786;-1
1883386787;-1
1883386785;-1
1883386776;-1
1883387779;-1
1883387782;-1
1883387782;-1
1883387785;-1
1883387782;-1
1883387785;-1
1883387782;-1
1883387788;-1
1883387785;-1
1883387782;-1
1883387788;-1
1883387785;-1
1883387785;-1
1883387786;-1
1883387788;-1
1883387786;-1
1883387788;-1
1883387786;-1
1883387785;-1
1883387796;-1
1883387796;-1
1883387796;-1
1883387780;-1
1883387796;-1
1883387785;-1
1883387804;-1
1883387804;-1
1883387796;-1
1883387804;-1
1883387808;-1
1883387804;-1
1883387796;-1
1883387808;-1
1883387804;-1
1883387808;-1
1883387804;-1
1883387804;-1
1883387808;-1
1883387804;-1
1883387804;-1
1883388787;-1
1883388788;-1
1883388790;-1
1883388788;-1
1883388788;-1
1883388796;-1
1883388787;-1
1883388796;-1
1883388804;-1
1883388788;-1
1883388804;-1
1883388806;-1
1883388806;-1
1883388788;-1
1883388804;-1
1883388806;-1
1883388806;-1
1883388801;-1
1883388808;-1
1883388804;-1
1883388805;-1
1883388806;-1
1883388808;-1
1883388804;-1
1883388806;-1
1883388806;-1
1883388790;-1
1883388801;-1
1883388804;-1
1883388805;-1
1883388806;-1
1883388816;-1
1883388816;-1
1883388824;-1
1883388824;-1
1883389788;-1
1883389788;-1
1883389787;-1
1883389787;-1
1883389797;-1
1883389797;-1
1883389788;-1
1883389787;-1
1883389797;-1
1883389787;-1
1883389787;-1
1883389797;-1
1883389788;-1
1883389797;-1
1883389797;-1
1883389804;-1
1883389797;-1
1883389787;-1
1883389804;-1
1883389806;-1
1883389797;-1
1883389804;-1
1883389806;-1
1883389804;-1
1883389806;-1
1883389805;-1
1883389804;-1
1883389812;-1
1883389806;-1
1883389804;-1
1883389820;-1
1883389812;-1
1883389814;-1
1883389820;-1
1883389812;-1
1883389814;-1
1883389820;-1
1883389814;-1
1883389814;-1
1883389814;-1
1883388816;-1
1883388816;-1
1883388816;-1
1883388808;-1
1883388808;-1
1883390801;-1
1883390801;-1
1883390801;-1
1883390801;-1
1883390812;-1
1883390812;-1
1883390814;-1
1883390812;-1
1883390816;-1
1883390802;-1
1883390802;-1
1883390802;-1
1883390815;-1
1883390812;-1
1883390802;-1
1883390816;-1
1883390815;-1
1883390812;-1
1883390816;-1
1883390814;-1
1883390815;-1
1883390814;-1
1883390801;-1
1883390813;-1
1883390822;-1
1883390822;-1
1883390824;-1
1883390824;-1
1883390824;-1
1883390828;-1
1883390828;-1
1883391787;-1
1883391787;-1
1883391792;-1
1883391789;-1
1883391796;-1
1883391797;-1
1883391798;-1
1883391802;-1
1883391804;-1
1883391798;-1
1883391802;-1
1883391804;-1
1883391806;-1
1883391798;-1
1883391802;-1
1883391804;-1
1883391806;-1
1883391798;-1
1883391804;-1
1883391804;-1
1883391806;-1
1883391809;-1
1883391808;-1
1883391808;-1
1883391809;-1
1883391811;-1
1883391813;-1
1883391792;-1
1883391823;-1
1883391792;-1
1883391813;-1
1883391813;-1
1883391823;-1
1883391813;-1
1883391823;-1
1883391813;-1
1883391813;-1
1883391813;-1
1883390828;-1
1883390830;-1
1883390829;-1
1883390830;-1
1883390828;-1
1883390828;-1
1883390830;-1
1883390828;-1
1883390829;-1
1883392780;-1
1883392780;-1
1883392786;-1
1883392786;-1
1883392786;-1
1883392779;-1
1883392786;-1
1883392793;-1
1883392796;-1
1883392796;-1
1883392792;-1
1883392796;-1
1883392796;-1
1883392798;-1
1883392796;-1
1883392799;-1
1883392798;-1
1883392796;-1
1883392796;-1
1883392796;-1
1883392797;-1
1883392797;-1
1883392797;-1
1883392793;-1
1883392797;-1
1883392796;-1
1883392813;-1
1883392813;-1
1883392779;-1
1883392796;-1
1883392791;-1
1883392796;-1
1883392813;-1
1883392804;-1
1883392799;-1
1883392804;-1
1883392799;-1
1883392804;-1
1883392799;-1
1883392799;-1
1883391823;-1
1883391823;-1
